observation_date,month,PCEPI_PC1,PCEPILFE_PC1,PCEPI,PCEPILFE,corepce_12m_pc,corepce_6m_pc,corepce_3m_pc,12m core inflation,6m anualized core inflation,3m annualized core inflation,
1959-01-01,1,,,15.164,15.501,,,,,,,
1959-02-01,2,,,15.179,15.513,,,,,,,
1959-03-01,3,,,15.189,15.531,,,,,,,
1959-04-01,4,,,15.219,15.57,,,0.445%,,,1.7925%,
1959-05-01,5,,,15.227,15.589,,,0.490%,,,1.9741%,
1959-06-01,6,,,15.271,15.635,,,0.670%,,,2.7055%,
1959-07-01,7,,,15.303,15.672,,1.103%,0.655%,,2.2185%,2.6463%,
1959-08-01,8,,,15.325,15.697,,1.186%,0.693%,,2.3863%,2.8001%,
1959-09-01,9,,,15.365,15.738,,1.333%,0.659%,,2.6834%,2.6613%,
1959-10-01,10,,,15.402,15.765,,1.252%,0.593%,,2.5205%,2.3949%,
1959-11-01,11,,,15.412,15.794,,1.315%,0.618%,,2.6474%,2.4948%,
1959-12-01,12,,,15.43,15.818,,1.170%,0.508%,,2.3546%,2.0489%,
1960-01-01,1,1.6948,2.07083,15.421,15.822,2.071%,0.957%,0.362%,2.071%,1.9234%,1.4541%,
1960-02-01,2,1.69972,2.18526,15.437,15.852,2.185%,0.987%,0.367%,2.185%,1.9847%,1.4770%,
1960-03-01,3,1.69201,2.07327,15.446,15.853,2.073%,0.731%,0.221%,2.073%,1.4668%,0.8880%,
1960-04-01,4,1.85952,2.00385,15.502,15.882,2.004%,0.742%,0.379%,2.004%,1.4898%,1.5255%,
1960-05-01,5,1.91108,2.04631,15.518,15.908,2.046%,0.722%,0.353%,2.046%,1.4488%,1.4206%,
1960-06-01,6,1.66328,1.80365,15.525,15.917,1.804%,0.626%,0.404%,1.804%,1.2557%,1.6246%,
1960-07-01,7,1.63367,1.74196,15.553,15.945,1.742%,0.777%,0.397%,1.742%,1.5608%,1.5962%,
1960-08-01,8,1.65742,1.72644,15.579,15.968,1.726%,0.732%,0.377%,1.726%,1.4689%,1.5172%,
1960-09-01,9,1.45135,1.54403,15.588,15.981,1.544%,0.807%,0.402%,1.544%,1.6214%,1.6181%,
1960-10-01,10,1.3245,1.42721,15.606,15.99,1.427%,0.680%,0.282%,1.427%,1.3647%,1.1337%,
1960-11-01,11,1.60265,1.51323,15.659,16.033,1.513%,0.786%,0.407%,1.513%,1.5777%,1.6382%,
1960-12-01,12,1.50356,1.3276,15.662,16.028,1.328%,0.697%,0.294%,1.328%,1.3996%,1.1816%,
1961-01-01,1,1.58226,1.32727,15.665,16.032,1.327%,0.546%,0.263%,1.327%,1.0942%,1.0548%,
1961-02-01,2,1.56766,1.23644,15.679,16.048,1.236%,0.501%,0.094%,1.236%,1.0045%,0.3748%,
1961-03-01,3,1.45021,1.26159,15.67,16.053,1.262%,0.451%,0.156%,1.262%,0.9031%,0.6254%,
1961-04-01,4,1.02567,1.21521,15.661,16.075,1.215%,0.532%,0.268%,1.215%,1.0660%,1.0772%,
1961-05-01,5,0.97951,1.1818,15.67,16.096,1.182%,0.393%,0.299%,1.182%,0.7874%,1.2018%,
1961-06-01,6,0.97907,1.27537,15.677,16.12,1.275%,0.574%,0.417%,1.275%,1.1513%,1.6800%,
1961-07-01,7,1.01588,1.25431,15.711,16.145,1.254%,0.705%,0.435%,1.254%,1.4146%,1.7532%,
1961-08-01,8,0.93074,1.21493,15.724,16.162,1.215%,0.710%,0.410%,1.215%,1.4258%,1.6503%,
1961-09-01,9,0.98794,1.33283,15.742,16.194,1.333%,0.878%,0.459%,1.333%,1.7644%,1.8489%,
1961-10-01,10,0.86505,1.30707,15.741,16.199,1.307%,0.771%,0.334%,1.307%,1.5487%,1.3446%,
1961-11-01,11,0.53005,1.05408,15.742,16.202,1.054%,0.659%,0.247%,1.054%,1.3214%,0.9937%,
1961-12-01,12,0.53633,1.17295,15.746,16.216,1.173%,0.596%,0.136%,1.173%,1.1946%,0.5445%,
1962-01-01,1,0.70859,1.26622,15.776,16.235,1.266%,0.557%,0.222%,1.266%,1.1180%,0.8919%,
1962-02-01,2,0.88654,1.3335,15.818,16.262,1.333%,0.619%,0.370%,1.333%,1.2413%,1.4895%,
1962-03-01,3,1.07849,1.53865,15.839,16.3,1.539%,0.655%,0.518%,1.539%,1.3134%,2.0882%,
1962-04-01,4,1.25152,1.41835,15.857,16.303,1.418%,0.642%,0.419%,1.418%,1.2882%,1.6859%,
1962-05-01,5,1.25718,1.42893,15.867,16.326,1.429%,0.765%,0.394%,1.429%,1.5365%,1.5835%,
1962-06-01,6,1.27575,1.46402,15.877,16.356,1.464%,0.863%,0.344%,1.464%,1.7341%,1.3813%,
1962-07-01,7,0.9993,1.39362,15.868,16.37,1.394%,0.832%,0.411%,1.394%,1.6700%,1.6540%,
1962-08-01,8,1.06207,1.29934,15.891,16.372,1.299%,0.676%,0.282%,1.299%,1.3574%,1.1318%,
1962-09-01,9,1.442,1.29678,15.969,16.404,1.297%,0.638%,0.293%,1.297%,1.2801%,1.1791%,
1962-10-01,10,1.3468,1.25934,15.953,16.403,1.259%,0.613%,0.202%,1.259%,1.2305%,0.8088%,
1962-11-01,11,1.41024,1.31465,15.964,16.415,1.315%,0.545%,0.263%,1.315%,1.0933%,1.0547%,
1962-12-01,12,1.34637,1.25802,15.958,16.42,1.258%,0.391%,0.098%,1.258%,0.7841%,0.3907%,
1963-01-01,1,1.40086,1.33046,15.997,16.451,1.330%,0.495%,0.293%,1.330%,0.9921%,1.1757%,
1963-02-01,2,1.23909,1.27906,16.014,16.47,1.279%,0.599%,0.335%,1.279%,1.2007%,1.3470%,
1963-03-01,3,1.02279,1.10429,16.001,16.48,1.104%,0.463%,0.365%,1.104%,0.9287%,1.4697%,
1963-04-01,4,0.90181,1.20837,16,16.5,1.208%,0.591%,0.298%,1.208%,1.1862%,1.1968%,
1963-05-01,5,1.00208,1.24954,16.026,16.53,1.250%,0.701%,0.364%,1.250%,1.4061%,1.4652%,
1963-06-01,6,1.15891,1.23502,16.061,16.558,1.235%,0.840%,0.473%,1.235%,1.6879%,1.9067%,
1963-07-01,7,1.41795,1.24007,16.093,16.573,1.240%,0.742%,0.442%,1.240%,1.4887%,1.7815%,
1963-08-01,8,1.4096,1.31933,16.115,16.588,1.319%,0.716%,0.351%,1.319%,1.4380%,1.4109%,
1963-09-01,9,0.89549,1.30456,16.112,16.618,1.305%,0.837%,0.362%,1.305%,1.6818%,1.4573%,
1963-10-01,10,1.191,1.5363,16.143,16.655,1.536%,0.939%,0.495%,1.536%,1.8876%,1.9939%,
1963-11-01,11,1.26535,1.55346,16.166,16.67,1.553%,0.847%,0.494%,1.553%,1.7011%,1.9920%,
1963-12-01,12,1.45382,1.6687,16.19,16.694,1.669%,0.821%,0.457%,1.669%,1.6495%,1.8419%,
1964-01-01,1,1.41902,1.61692,16.224,16.717,1.617%,0.869%,0.372%,1.617%,1.7453%,1.4974%,
1964-02-01,2,1.45498,1.69399,16.247,16.749,1.694%,0.971%,0.474%,1.694%,1.9506%,1.9091%,
1964-03-01,3,1.5999,1.72937,16.257,16.765,1.729%,0.885%,0.425%,1.729%,1.7770%,1.7121%,
1964-04-01,4,1.68125,1.69697,16.269,16.78,1.697%,0.751%,0.377%,1.697%,1.5067%,1.5160%,
1964-05-01,5,1.52877,1.5971,16.271,16.794,1.597%,0.744%,0.269%,1.597%,1.4932%,1.0790%,
1964-06-01,6,1.45072,1.49777,16.294,16.806,1.498%,0.671%,0.245%,1.498%,1.3463%,0.9818%,
1964-07-01,7,1.37948,1.50848,16.315,16.823,1.508%,0.634%,0.256%,1.508%,1.2722%,1.0290%,
1964-08-01,8,1.31554,1.54931,16.327,16.845,1.549%,0.573%,0.304%,1.549%,1.1496%,1.2203%,
1964-09-01,9,1.48957,1.40811,16.352,16.852,1.408%,0.519%,0.274%,1.408%,1.0406%,1.0994%,
1964-10-01,10,1.35663,1.22486,16.362,16.859,1.225%,0.471%,0.214%,1.225%,0.9438%,0.8587%,
1964-11-01,11,1.3547,1.27774,16.385,16.883,1.278%,0.530%,0.226%,1.278%,1.0627%,0.9054%,
1964-12-01,12,1.35269,1.27591,16.409,16.907,1.276%,0.601%,0.326%,1.276%,1.2056%,1.3119%,
1965-01-01,1,1.25123,1.27415,16.427,16.93,1.274%,0.636%,0.421%,1.274%,1.2761%,1.6952%,
1965-02-01,2,1.15098,1.20007,16.434,16.95,1.200%,0.623%,0.397%,1.200%,1.2505%,1.5969%,
1965-03-01,3,1.21794,1.16314,16.455,16.96,1.163%,0.641%,0.313%,1.163%,1.2859%,1.2598%,
1965-04-01,4,1.30309,1.1919,16.481,16.98,1.192%,0.718%,0.295%,1.192%,1.4406%,1.1866%,
1965-05-01,5,1.51804,1.29213,16.518,17.011,1.292%,0.758%,0.360%,1.292%,1.5221%,1.4473%,
1965-06-01,6,1.66933,1.196,16.566,17.007,1.196%,0.591%,0.277%,1.196%,1.1864%,1.1131%,
1965-07-01,7,1.61201,1.19479,16.578,17.024,1.195%,0.555%,0.259%,1.195%,1.1135%,1.0405%,
1965-08-01,8,1.56183,1.2526,16.582,17.056,1.253%,0.625%,0.265%,1.253%,1.2546%,1.0623%,
1965-09-01,9,1.45548,1.32922,16.59,17.076,1.329%,0.684%,0.406%,1.329%,1.3726%,1.6328%,
1965-10-01,10,1.42403,1.25156,16.595,17.07,1.252%,0.530%,0.270%,1.252%,1.0629%,1.0852%,
1965-11-01,11,1.45255,1.29716,16.623,17.102,1.297%,0.535%,0.270%,1.297%,1.0728%,1.0832%,
1965-12-01,12,1.66982,1.46093,16.683,17.154,1.461%,0.864%,0.457%,1.461%,1.7362%,1.8397%,
1966-01-01,1,1.68016,1.35263,16.703,17.159,1.353%,0.793%,0.521%,1.353%,1.5923%,2.1019%,
1966-02-01,2,2.05671,1.48083,16.772,17.201,1.481%,0.850%,0.579%,1.481%,1.7075%,2.3357%,
1966-03-01,3,2.17563,1.55071,16.813,17.223,1.551%,0.861%,0.402%,1.551%,1.7291%,1.6187%,
1966-04-01,4,2.36636,1.79623,16.871,17.285,1.796%,1.260%,0.734%,1.796%,2.5349%,2.9697%,
1966-05-01,5,2.2642,1.88114,16.892,17.331,1.881%,1.339%,0.756%,1.881%,2.6960%,3.0575%,
1966-06-01,6,2.22142,2.23437,16.934,17.387,2.234%,1.358%,0.952%,2.234%,2.7350%,3.8636%,
1966-07-01,7,2.34648,2.43186,16.967,17.438,2.432%,1.626%,0.885%,2.432%,3.2784%,3.5879%,
1966-08-01,8,2.71379,2.4273,17.032,17.47,2.427%,1.564%,0.802%,2.427%,3.1522%,3.2469%,
1966-09-01,9,2.98975,2.62357,17.086,17.524,2.624%,1.748%,0.788%,2.624%,3.5259%,3.1892%,
1966-10-01,10,3.22989,2.99356,17.131,17.581,2.994%,1.712%,0.820%,2.994%,3.4543%,3.3208%,
1966-11-01,11,3.2064,3.05812,17.156,17.625,3.058%,1.696%,0.887%,3.058%,3.4215%,3.5965%,
1966-12-01,12,3.05101,3.06051,17.192,17.679,3.061%,1.679%,0.885%,3.061%,3.3870%,3.5852%,
1967-01-01,1,2.9336,3.12373,17.193,17.695,3.124%,1.474%,0.648%,3.124%,2.9693%,2.6190%,
1967-02-01,2,2.62938,3.05796,17.213,17.727,3.058%,1.471%,0.579%,3.058%,2.9638%,2.3351%,
1967-03-01,3,2.43264,3.08309,17.222,17.754,3.083%,1.312%,0.424%,3.083%,2.6422%,1.7078%,
1967-04-01,4,2.25239,2.99682,17.251,17.803,2.997%,1.263%,0.610%,2.997%,2.5414%,2.4638%,
1967-05-01,5,2.32063,2.94847,17.284,17.842,2.948%,1.231%,0.649%,2.948%,2.4776%,2.6203%,
1967-06-01,6,2.39164,2.87571,17.339,17.887,2.876%,1.177%,0.749%,2.876%,2.3669%,3.0303%,
1967-07-01,7,2.54023,2.92465,17.398,17.948,2.925%,1.430%,0.814%,2.925%,2.8800%,3.2979%,
1967-08-01,8,2.46595,3.05094,17.452,18.003,3.051%,1.557%,0.902%,3.051%,3.1381%,3.6586%,
1967-09-01,9,2.4523,3.09861,17.505,18.067,3.099%,1.763%,1.006%,3.099%,3.5570%,4.0864%,
1967-10-01,10,2.46921,3.14544,17.554,18.134,3.145%,1.859%,1.036%,3.145%,3.7530%,4.2102%,
1967-11-01,11,2.65796,3.21702,17.612,18.192,3.217%,1.962%,1.050%,3.217%,3.9618%,4.2659%,
1967-12-01,12,2.60586,3.15629,17.64,18.237,3.156%,1.957%,0.941%,3.156%,3.9517%,3.8172%,
1968-01-01,1,3.07683,3.52077,17.722,18.318,3.521%,2.062%,1.015%,3.521%,4.1655%,4.1209%,
1968-02-01,2,3.37536,3.77955,17.794,18.397,3.780%,2.189%,1.127%,3.780%,4.4249%,4.5842%,
1968-03-01,3,3.65811,4.03289,17.852,18.47,4.033%,2.231%,1.278%,4.033%,4.5109%,5.2093%,
1968-04-01,4,3.80847,4.12852,17.908,18.538,4.129%,2.228%,1.201%,4.129%,4.5054%,4.8913%,
1968-05-01,5,3.99213,4.29324,17.974,18.608,4.293%,2.287%,1.147%,4.293%,4.6257%,4.6672%,
1968-06-01,6,3.99677,4.43898,18.032,18.681,4.439%,2.435%,1.142%,4.439%,4.9285%,4.6485%,
1968-07-01,7,3.96023,4.42946,18.087,18.743,4.429%,2.320%,1.106%,4.429%,4.6941%,4.4973%,
1968-08-01,8,4.06257,4.51591,18.161,18.816,4.516%,2.278%,1.118%,4.516%,4.6070%,4.5467%,
1968-09-01,9,4.1074,4.56634,18.224,18.892,4.566%,2.285%,1.129%,4.566%,4.6218%,4.5951%,
1968-10-01,10,4.27253,4.60461,18.304,18.969,4.605%,2.325%,1.206%,4.605%,4.7040%,4.9111%,
1968-11-01,11,4.28117,4.66689,18.366,19.041,4.667%,2.327%,1.196%,4.667%,4.7081%,4.8696%,
1968-12-01,12,4.33107,4.72117,18.404,19.098,4.721%,2.232%,1.090%,4.721%,4.5143%,4.4335%,
1969-01-01,1,4.2546,4.65116,18.476,19.17,4.651%,2.278%,1.060%,4.651%,4.6083%,4.3063%,
1969-02-01,2,4.09689,4.56053,18.523,19.236,4.561%,2.232%,1.024%,4.561%,4.5141%,4.1598%,
1969-03-01,3,4.24602,4.63454,18.61,19.326,4.635%,2.297%,1.194%,4.635%,4.6473%,4.8616%,
1969-04-01,4,4.37793,4.64991,18.692,19.4,4.650%,2.272%,1.200%,4.650%,4.5959%,4.8862%,
1969-05-01,5,4.41193,4.67541,18.767,19.478,4.675%,2.295%,1.258%,4.675%,4.6428%,5.1280%,
1969-06-01,6,4.58075,4.62502,18.858,19.545,4.625%,2.341%,1.133%,4.625%,4.7359%,4.6104%,
1969-07-01,7,4.72162,4.76445,18.941,19.636,4.764%,2.431%,1.216%,4.764%,4.9209%,4.9555%,
1969-08-01,8,4.58125,4.6503,18.993,19.691,4.650%,2.365%,1.094%,4.650%,4.7867%,4.4464%,
1969-09-01,9,4.6532,4.64747,19.072,19.77,4.647%,2.297%,1.151%,4.647%,4.6476%,4.6849%,
1969-10-01,10,4.55092,4.67078,19.137,19.855,4.671%,2.345%,1.115%,4.671%,4.7457%,4.5364%,
1969-11-01,11,4.6499,4.67412,19.22,19.931,4.674%,2.326%,1.219%,4.674%,4.7055%,4.9652%,
1969-12-01,12,4.91198,4.74919,19.308,20.005,4.749%,2.354%,1.189%,4.749%,4.7625%,4.8401%,
1970-01-01,1,4.8766,4.70005,19.377,20.071,4.700%,2.215%,1.088%,4.700%,4.4797%,4.4231%,
1970-02-01,2,5.02618,4.74111,19.454,20.148,4.741%,2.321%,1.089%,4.741%,4.6956%,4.4267%,
1970-03-01,3,4.79312,4.64142,19.502,20.223,4.641%,2.291%,1.090%,4.641%,4.6352%,4.4307%,
1970-04-01,4,4.86304,4.65464,19.601,20.303,4.655%,2.256%,1.156%,4.655%,4.5636%,4.7044%,
1970-05-01,5,4.77434,4.6052,19.663,20.375,4.605%,2.228%,1.127%,4.605%,4.5050%,4.5834%,
1970-06-01,6,4.53919,4.62011,19.714,20.448,4.620%,2.214%,1.113%,4.620%,4.4779%,4.5252%,
1970-07-01,7,4.46122,4.53249,19.786,20.526,4.532%,2.267%,1.098%,4.532%,4.5853%,4.4664%,
1970-08-01,8,4.44901,4.60109,19.838,20.597,4.601%,2.229%,1.090%,4.601%,4.5067%,4.4300%,
1970-09-01,9,4.48301,4.61811,19.927,20.683,4.618%,2.275%,1.149%,4.618%,4.6010%,4.6769%,
1970-10-01,10,4.64545,4.68396,20.026,20.785,4.684%,2.374%,1.262%,4.684%,4.8044%,5.1436%,
1970-11-01,11,4.60458,4.82163,20.105,20.892,4.822%,2.537%,1.432%,4.822%,5.1392%,5.8532%,
1970-12-01,12,4.58877,4.95876,20.194,20.997,4.959%,2.685%,1.518%,4.959%,5.4418%,6.2123%,
1971-01-01,1,4.43825,5.02715,20.237,21.08,5.027%,2.699%,1.419%,5.027%,5.4709%,5.7992%,
1971-02-01,2,4.32816,5.02283,20.296,21.16,5.023%,2.733%,1.283%,5.023%,5.5415%,5.2307%,
1971-03-01,3,4.41493,4.96959,20.363,21.228,4.970%,2.635%,1.100%,4.970%,5.3395%,4.4738%,
1971-04-01,4,4.2957,4.94508,20.443,21.307,4.945%,2.511%,1.077%,4.945%,5.0859%,4.3775%,
1971-05-01,5,4.39913,5.03067,20.528,21.4,5.031%,2.432%,1.134%,5.031%,4.9222%,4.6146%,
1971-06-01,6,4.59065,5.0714,20.619,21.485,5.071%,2.324%,1.211%,5.071%,4.7023%,4.9313%,
1971-07-01,7,4.5234,5.07162,20.681,21.567,5.072%,2.310%,1.220%,5.072%,4.6739%,4.9711%,
1971-08-01,8,4.55187,4.85508,20.741,21.597,4.855%,2.065%,0.921%,4.855%,4.1731%,3.7334%,
1971-09-01,9,4.24048,4.59314,20.772,21.633,4.593%,1.908%,0.689%,4.593%,3.8521%,2.7840%,
1971-10-01,10,3.88495,4.24344,20.804,21.667,4.243%,1.690%,0.464%,4.243%,3.4077%,1.8676%,
1971-11-01,11,3.69062,3.94409,20.847,21.716,3.944%,1.477%,0.551%,3.944%,2.9751%,2.2223%,
1971-12-01,12,3.63969,3.74815,20.929,21.784,3.748%,1.392%,0.698%,3.748%,2.8027%,2.8214%,
1972-01-01,1,3.84444,3.78083,21.015,21.877,3.781%,1.437%,0.969%,3.781%,2.8954%,3.9336%,
1972-02-01,2,3.95152,3.6673,21.098,21.936,3.667%,1.570%,1.013%,3.667%,3.1640%,4.1143%,
1972-03-01,3,3.75681,3.53778,21.128,21.979,3.538%,1.599%,0.895%,3.538%,3.2244%,3.6290%,
1972-04-01,4,3.50731,3.39325,21.16,22.03,3.393%,1.675%,0.699%,3.393%,3.3788%,2.8269%,
1972-05-01,5,3.30768,3.18224,21.207,22.081,3.182%,1.681%,0.661%,3.182%,3.3898%,2.6704%,
1972-06-01,6,3.00694,2.98348,21.239,22.126,2.983%,1.570%,0.669%,2.983%,3.1646%,2.7022%,
1972-07-01,7,3.06562,2.88404,21.315,22.189,2.884%,1.426%,0.722%,2.884%,2.8726%,2.9184%,
1972-08-01,8,3.06639,2.95874,21.377,22.236,2.959%,1.368%,0.702%,2.959%,2.7539%,2.8375%,
1972-09-01,9,3.37474,3.12948,21.473,22.31,3.129%,1.506%,0.832%,3.129%,3.0346%,3.3681%,
1972-10-01,10,3.33109,3.02765,21.497,22.323,3.028%,1.330%,0.604%,3.028%,2.6777%,2.4376%,
1972-11-01,11,3.42495,3.06686,21.561,22.382,3.067%,1.363%,0.657%,3.067%,2.7449%,2.6524%,
1972-12-01,12,3.34942,3.0527,21.63,22.449,3.053%,1.460%,0.623%,3.053%,2.9410%,2.5155%,
1973-01-01,1,3.23578,2.67861,21.695,22.463,2.679%,1.235%,0.627%,2.679%,2.4849%,2.5323%,
1973-02-01,2,3.36999,2.72611,21.809,22.534,2.726%,1.340%,0.679%,2.726%,2.6983%,2.7443%,
1973-03-01,3,3.95683,2.93917,21.964,22.625,2.939%,1.412%,0.784%,2.939%,2.8438%,3.1731%,
1973-04-01,4,4.56994,3.29551,22.127,22.756,3.296%,1.940%,1.304%,3.296%,3.9170%,5.3204%,
1973-05-01,5,4.85217,3.45546,22.236,22.844,3.455%,2.064%,1.376%,3.455%,4.1709%,5.6174%,
1973-06-01,6,5.29215,3.69249,22.363,22.943,3.692%,2.201%,1.406%,3.692%,4.4495%,5.7417%,
1973-07-01,7,5.29674,3.83974,22.444,23.041,3.840%,2.573%,1.252%,3.840%,5.2124%,5.1046%,
1973-08-01,8,6.20293,4.10146,22.703,23.148,4.101%,2.725%,1.331%,4.101%,5.5238%,5.4303%,
1973-09-01,9,6.14725,4.28059,22.793,23.265,4.281%,2.829%,1.403%,4.281%,5.7375%,5.7332%,
1973-10-01,10,6.62883,4.62303,22.922,23.355,4.623%,2.632%,1.363%,4.623%,5.3338%,5.5636%,
1973-11-01,11,7.18427,4.85211,23.11,23.468,4.852%,2.732%,1.382%,4.852%,5.5378%,5.6454%,
1973-12-01,12,7.72076,5.11827,23.3,23.598,5.118%,2.855%,1.431%,5.118%,5.7913%,5.8494%,
1974-01-01,1,8.4259,5.56916,23.523,23.714,5.569%,2.921%,1.537%,5.569%,5.9271%,6.2918%,
1974-02-01,2,9.1155,5.90663,23.797,23.865,5.907%,3.097%,1.692%,5.907%,6.2909%,6.9403%,
1974-03-01,3,9.60208,6.30276,24.073,24.051,6.303%,3.378%,1.920%,6.303%,6.8711%,7.9026%,
1974-04-01,4,9.56298,6.48181,24.243,24.231,6.482%,3.751%,2.180%,6.482%,7.6423%,9.0099%,
1974-05-01,5,10.10074,7.09158,24.482,24.464,7.092%,4.244%,2.510%,7.092%,8.6683%,10.4242%,
1974-06-01,6,10.40558,7.72349,24.69,24.715,7.723%,4.733%,2.761%,7.723%,9.6910%,11.5090%,
1974-07-01,7,10.81804,8.21579,24.872,24.934,8.216%,5.145%,2.901%,8.216%,10.5540%,12.1198%,
1974-08-01,8,10.69903,8.75238,25.132,25.174,8.752%,5.485%,2.902%,8.752%,11.2709%,12.1241%,
1974-09-01,9,11.40701,9.17688,25.393,25.4,9.177%,5.609%,2.772%,9.177%,11.5324%,11.5559%,
1974-10-01,10,11.57403,9.60822,25.575,25.599,9.608%,5.646%,2.667%,9.608%,11.6101%,11.1026%,
1974-11-01,11,11.49719,9.87728,25.767,25.786,9.877%,5.404%,2.431%,9.877%,11.0997%,10.0847%,
1974-12-01,12,11.46352,10.04322,25.971,25.968,10.043%,5.070%,2.236%,10.043%,10.3966%,9.2494%,
1975-01-01,1,11.09127,10.14169,26.132,26.119,10.142%,4.753%,2.031%,10.142%,9.7310%,8.3763%,
1975-02-01,2,10.40888,10.21999,26.274,26.304,10.220%,4.489%,2.009%,10.220%,9.1790%,8.2808%,
1975-03-01,3,9.51273,9.93722,26.363,26.441,9.937%,4.098%,1.821%,9.937%,8.3648%,7.4874%,
1975-04-01,4,9.11191,9.65292,26.452,26.57,9.653%,3.793%,1.727%,9.653%,7.7301%,7.0878%,
1975-05-01,5,8.4797,9.07047,26.558,26.683,9.070%,3.479%,1.441%,9.070%,7.0783%,5.8891%,
1975-06-01,6,8.23815,8.48877,26.724,26.813,8.489%,3.254%,1.407%,8.489%,6.6139%,5.7475%,
1975-07-01,7,8.36684,8.19764,26.953,26.978,8.198%,3.289%,1.536%,8.198%,6.6857%,6.2852%,
1975-08-01,8,7.71128,7.53555,27.07,27.071,7.536%,2.916%,1.454%,7.536%,5.9168%,5.9445%,
1975-09-01,9,7.13189,7.15748,27.204,27.218,7.157%,2.939%,1.510%,7.157%,5.9636%,6.1801%,
1975-10-01,10,6.98729,6.85574,27.362,27.354,6.856%,2.951%,1.394%,6.856%,5.9885%,5.6925%,
1975-11-01,11,6.87313,6.78275,27.538,27.535,6.783%,3.193%,1.714%,6.783%,6.4880%,7.0343%,
1975-12-01,12,6.61892,6.67745,27.69,27.702,6.677%,3.316%,1.778%,6.677%,6.7410%,7.3049%,
1976-01-01,1,6.36385,6.60439,27.795,27.844,6.604%,3.210%,1.791%,6.604%,6.5231%,7.3602%,
1976-02-01,2,5.92601,6.27661,27.831,27.955,6.277%,3.265%,1.525%,6.277%,6.6376%,6.2423%,
1976-03-01,3,5.72772,6.0739,27.873,28.047,6.074%,3.046%,1.245%,6.074%,6.1843%,5.0754%,
1976-04-01,4,5.61016,5.9729,27.936,28.157,5.973%,2.936%,1.124%,5.973%,5.9573%,4.5729%,
1976-05-01,5,5.68943,6.02256,28.069,28.29,6.023%,2.742%,1.198%,6.023%,5.5591%,4.8803%,
1976-06-01,6,5.49319,5.93742,28.192,28.405,5.937%,2.538%,1.276%,5.937%,5.1398%,5.2043%,
1976-07-01,7,5.12744,5.86774,28.335,28.561,5.868%,2.575%,1.435%,5.868%,5.2164%,5.8640%,
1976-08-01,8,5.24935,6.11355,28.491,28.726,6.114%,2.758%,1.541%,6.114%,5.5921%,6.3087%,
1976-09-01,9,5.31907,6.15769,28.651,28.894,6.158%,3.020%,1.722%,6.158%,6.1311%,7.0660%,
1976-10-01,10,5.25912,6.14901,28.801,29.036,6.149%,3.122%,1.663%,6.149%,6.3410%,6.8202%,
1976-11-01,11,5.0621,5.93063,28.932,29.168,5.931%,3.104%,1.539%,5.931%,6.3035%,6.2982%,
1976-12-01,12,5.07042,5.86239,29.094,29.326,5.862%,3.242%,1.495%,5.862%,6.5899%,6.1159%,
1977-01-01,1,5.28153,5.96538,29.263,29.505,5.965%,3.305%,1.615%,5.965%,6.7197%,6.6192%,
1977-02-01,2,5.96816,6.19209,29.492,29.686,6.192%,3.342%,1.776%,6.192%,6.7955%,7.2952%,
1977-03-01,3,6.33947,6.29301,29.64,29.812,6.293%,3.177%,1.657%,6.293%,6.4552%,6.7955%,
1977-04-01,4,6.71535,6.39983,29.812,29.959,6.400%,3.179%,1.539%,6.400%,6.4587%,6.2984%,
1977-05-01,5,6.74766,6.44044,29.963,30.112,6.440%,3.236%,1.435%,6.440%,6.5776%,5.8648%,
1977-06-01,6,6.87784,6.6432,30.131,30.292,6.643%,3.294%,1.610%,6.643%,6.6965%,6.5976%,
1977-07-01,7,6.88901,6.71545,30.287,30.479,6.715%,3.301%,1.736%,6.715%,6.7112%,7.1257%,
1977-08-01,8,6.79864,6.62466,30.428,30.629,6.625%,3.177%,1.717%,6.625%,6.4541%,7.0466%,
1977-09-01,9,6.60361,6.45117,30.543,30.758,6.451%,3.173%,1.538%,6.451%,6.4471%,6.2969%,
1977-10-01,10,6.54144,6.44373,30.685,30.907,6.444%,3.164%,1.404%,6.444%,6.4288%,5.7364%,
1977-11-01,11,6.66736,6.51056,30.861,31.067,6.511%,3.171%,1.430%,6.511%,6.4436%,5.8439%,
1977-12-01,12,6.58899,6.4823,31.011,31.227,6.482%,3.087%,1.525%,6.482%,6.2685%,6.2402%,
1978-01-01,1,6.59878,6.47009,31.194,31.414,6.470%,3.068%,1.640%,6.470%,6.2295%,6.7248%,
1978-02-01,2,6.26272,6.22853,31.339,31.535,6.229%,2.958%,1.506%,6.229%,6.0035%,6.1632%,
1978-03-01,3,6.417,6.35315,31.542,31.706,6.353%,3.082%,1.534%,6.353%,6.2592%,6.2783%,
1978-04-01,4,6.60472,6.51557,31.781,31.911,6.516%,3.248%,1.582%,6.516%,6.6024%,6.4802%,
1978-05-01,5,6.82508,6.5987,32.008,32.099,6.599%,3.322%,1.788%,6.599%,6.7541%,7.3482%,
1978-06-01,6,6.9231,6.55619,32.217,32.278,6.556%,3.366%,1.804%,6.556%,6.8446%,7.4139%,
1978-07-01,7,6.95348,6.5258,32.393,32.468,6.526%,3.355%,1.745%,6.526%,6.8230%,7.1669%,
1978-08-01,8,6.99685,6.5722,32.557,32.642,6.572%,3.510%,1.692%,6.572%,7.1440%,6.9402%,
1978-09-01,9,7.19969,6.73646,32.742,32.83,6.736%,3.545%,1.710%,6.736%,7.2158%,7.0181%,
1978-10-01,10,7.55418,7.00165,33.003,33.071,7.002%,3.635%,1.857%,7.002%,7.4024%,7.6384%,
1978-11-01,11,7.54674,7.02353,33.19,33.249,7.024%,3.583%,1.860%,7.024%,7.2937%,7.6483%,
1978-12-01,12,7.52636,6.88827,33.345,33.378,6.888%,3.408%,1.669%,6.888%,6.9319%,6.8459%,
1979-01-01,1,7.7034,6.79633,33.597,33.549,6.796%,3.329%,1.445%,6.796%,6.7697%,5.9081%,
1979-02-01,2,7.77625,6.73537,33.776,33.659,6.735%,3.116%,1.233%,6.735%,6.3283%,5.0245%,
1979-03-01,3,7.9196,6.76843,34.04,33.852,6.768%,3.113%,1.420%,6.768%,6.3229%,5.8025%,
1979-04-01,4,8.22504,7.0634,34.395,34.165,7.063%,3.308%,1.836%,7.063%,6.7255%,7.5492%,
1979-05-01,5,8.56973,7.3616,34.751,34.462,7.362%,3.648%,2.386%,7.362%,7.4296%,9.8897%,
1979-06-01,6,8.75625,7.36415,35.038,34.655,7.364%,3.826%,2.372%,7.364%,7.7981%,9.8313%,
1979-07-01,7,8.9896,7.27178,35.305,34.829,7.272%,3.815%,1.944%,7.272%,7.7762%,8.0036%,
1979-08-01,8,9.2699,7.40763,35.575,35.06,7.408%,4.162%,1.735%,7.408%,8.4979%,7.1237%,
1979-09-01,9,9.61151,7.52056,35.889,35.299,7.521%,4.274%,1.858%,7.521%,8.7317%,7.6431%,
1979-10-01,10,9.63246,7.51716,36.182,35.557,7.517%,4.074%,2.090%,7.517%,8.3147%,8.6267%,
1979-11-01,11,9.77102,7.62429,36.433,35.784,7.624%,3.836%,2.065%,7.624%,7.8194%,8.5195%,
1979-12-01,12,10.17844,7.97831,36.739,36.041,7.978%,3.999%,2.102%,7.978%,8.1588%,8.6770%,
1980-01-01,1,10.49796,8.24466,37.124,36.315,8.245%,4.267%,2.132%,8.245%,8.7152%,8.8037%,
1980-02-01,2,11.10256,8.9664,37.526,36.677,8.966%,4.612%,2.496%,8.966%,9.4369%,10.3620%,
1980-03-01,3,11.59518,9.34952,37.987,37.017,9.350%,4.867%,2.708%,9.350%,9.9709%,11.2801%,
1980-04-01,4,11.01904,8.90385,38.185,37.207,8.904%,4.640%,2.456%,8.904%,9.4962%,10.1931%,
1980-05-01,5,10.73638,8.83582,38.482,37.507,8.836%,4.815%,2.263%,8.836%,9.8618%,9.3639%,
1980-06-01,6,10.52286,8.9482,38.725,37.756,8.948%,4.758%,1.996%,8.948%,9.7434%,8.2279%,
1980-07-01,7,10.53958,9.16478,39.026,38.021,9.165%,4.698%,2.188%,9.165%,9.6163%,9.0424%,
1980-08-01,8,10.6142,9.22989,39.351,38.296,9.230%,4.414%,2.104%,9.230%,9.0233%,8.6837%,
1980-09-01,9,10.66065,9.51302,39.715,38.657,9.513%,4.430%,2.386%,9.513%,9.0571%,9.8927%,
1980-10-01,10,10.64341,9.61273,40.033,38.975,9.613%,4.752%,2.509%,9.613%,9.7294%,10.4207%,
1980-11-01,11,10.77594,9.77532,40.359,39.282,9.775%,4.732%,2.575%,9.775%,9.6889%,10.7033%,
1980-12-01,12,10.56643,9.64735,40.621,39.518,9.647%,4.667%,2.227%,9.647%,9.5514%,9.2112%,
1981-01-01,1,10.47032,9.76456,41.011,39.861,9.765%,4.839%,2.273%,9.765%,9.9131%,9.4078%,
1981-02-01,2,10.39279,9.4746,41.426,40.152,9.475%,4.846%,2.215%,9.475%,9.9278%,9.1577%,
1981-03-01,3,9.81388,9.07151,41.715,40.375,9.072%,4.444%,2.169%,9.072%,9.0859%,8.9608%,
1981-04-01,4,9.72109,9.20794,41.897,40.633,9.208%,4.254%,1.937%,9.208%,8.6890%,7.9749%,
1981-05-01,5,9.36282,9.08097,42.085,40.913,9.081%,4.152%,1.895%,9.081%,8.4765%,7.7995%,
1981-06-01,6,9.11039,8.9019,42.253,41.117,8.902%,4.046%,1.838%,8.902%,8.2562%,7.5562%,
1981-07-01,7,8.92226,8.79514,42.508,41.365,8.795%,3.773%,1.801%,8.795%,7.6886%,7.4030%,
1981-08-01,8,8.69864,8.7372,42.774,41.642,8.737%,3.711%,1.782%,8.737%,7.5595%,7.3201%,
1981-09-01,9,8.35453,8.42797,43.033,41.915,8.428%,3.814%,1.941%,8.428%,7.7740%,7.9922%,
1981-10-01,10,7.98092,8.18473,43.228,42.165,8.185%,3.770%,1.934%,8.185%,7.6828%,7.9633%,
1981-11-01,11,7.68354,7.96548,43.46,42.411,7.965%,3.661%,1.847%,7.965%,7.4569%,7.5939%,
1981-12-01,12,7.31887,7.718,43.594,42.568,7.718%,3.529%,1.558%,7.718%,7.1824%,6.3788%,
1982-01-01,1,6.92985,7.44587,43.853,42.829,7.446%,3.539%,1.575%,7.446%,7.2037%,6.4494%,
1982-02-01,2,6.17728,7.0781,43.985,42.994,7.078%,3.247%,1.375%,7.078%,6.5989%,5.6130%,
1982-03-01,3,5.71257,6.95232,44.098,43.182,6.952%,3.023%,1.442%,6.952%,6.1369%,5.8956%,
1982-04-01,4,5.30587,6.69407,44.12,43.353,6.694%,2.818%,1.223%,6.694%,5.7144%,4.9844%,
1982-05-01,5,5.458,6.54071,44.382,43.589,6.541%,2.778%,1.384%,6.541%,5.6323%,5.6516%,
1982-06-01,6,5.80077,6.54474,44.704,43.808,6.545%,2.913%,1.450%,6.545%,5.9108%,5.9260%,
1982-07-01,7,5.7895,6.59253,44.969,44.092,6.593%,2.949%,1.705%,6.593%,5.9848%,6.9948%,
1982-08-01,8,5.45659,6.37097,45.108,44.295,6.371%,3.026%,1.620%,6.371%,6.1436%,6.6378%,
1982-09-01,9,5.11236,6.06943,45.233,44.459,6.069%,2.957%,1.486%,6.069%,6.0020%,6.0779%,
1982-10-01,10,5.22578,6.10933,45.487,44.741,6.109%,3.202%,1.472%,6.109%,6.5058%,6.0190%,
1982-11-01,11,4.97929,5.88291,45.624,44.906,5.883%,3.021%,1.379%,5.883%,6.1341%,5.6328%,
1982-12-01,12,4.81488,5.82832,45.693,45.049,5.828%,2.833%,1.327%,5.828%,5.7459%,5.4149%,
1983-01-01,1,4.68155,5.90254,45.906,45.357,5.903%,2.869%,1.377%,5.903%,5.8203%,5.6220%,
1983-02-01,2,4.54473,5.88687,45.984,45.525,5.887%,2.777%,1.378%,5.887%,5.6308%,5.6288%,
1983-03-01,3,4.41063,5.56019,46.043,45.583,5.560%,2.528%,1.185%,5.560%,5.1203%,4.8265%,
1983-04-01,4,4.83454,5.46214,46.253,45.721,5.462%,2.190%,0.803%,5.462%,4.4287%,3.2489%,
1983-05-01,5,4.51084,5.04256,46.384,45.787,5.043%,1.962%,0.576%,5.043%,3.9622%,2.3220%,
1983-06-01,6,4.14504,5.00593,46.557,46.001,5.006%,2.113%,0.917%,5.006%,4.2712%,3.7188%,
1983-07-01,7,4.11617,5.03266,46.82,46.311,5.033%,2.103%,1.290%,5.033%,4.2509%,5.2625%,
1983-08-01,8,4.23872,5.09087,47.02,46.55,5.091%,2.252%,1.666%,5.091%,4.5537%,6.8341%,
1983-09-01,9,4.31543,5.12607,47.185,46.738,5.126%,2.534%,1.602%,5.126%,5.1319%,6.5642%,
1983-10-01,10,3.90881,4.64898,47.265,46.821,4.649%,2.406%,1.101%,4.649%,4.8697%,4.4783%,
1983-11-01,11,3.74364,4.50719,47.332,46.93,4.507%,2.496%,0.816%,4.507%,5.0550%,3.3055%,
1983-12-01,12,3.64388,4.25315,47.358,46.965,4.253%,2.096%,0.486%,4.253%,4.2351%,1.9569%,
1984-01-01,1,3.61173,3.88915,47.564,47.121,3.889%,1.749%,0.641%,3.889%,3.5287%,2.5877%,
1984-02-01,2,4.13187,4.15815,47.884,47.418,4.158%,1.865%,1.040%,4.158%,3.7641%,4.2247%,
1984-03-01,3,4.33942,4.42051,48.041,47.598,4.421%,1.840%,1.348%,4.421%,3.7139%,5.5012%,
1984-04-01,4,4.26135,4.59526,48.224,47.822,4.595%,2.138%,1.488%,4.595%,4.3216%,6.0847%,
1984-05-01,5,4.0984,4.68692,48.285,47.933,4.687%,2.137%,1.086%,4.687%,4.3201%,4.4156%,
1984-06-01,6,3.8963,4.44556,48.371,48.046,4.446%,2.302%,0.941%,4.446%,4.6564%,3.8184%,
1984-07-01,7,3.68219,4.19339,48.544,48.253,4.193%,2.402%,0.901%,4.193%,4.8624%,3.6541%,
1984-08-01,8,3.55806,4,48.693,48.412,4.000%,2.096%,0.999%,4.000%,4.2364%,4.0576%,
1984-09-01,9,3.33581,3.74,48.759,48.486,3.740%,1.866%,0.916%,3.740%,3.7661%,3.7138%,
1984-10-01,10,3.40421,3.7889,48.874,48.595,3.789%,1.616%,0.709%,3.789%,3.2589%,2.8653%,
1984-11-01,11,3.40362,3.76731,48.943,48.698,3.767%,1.596%,0.591%,3.767%,3.2174%,2.3841%,
1984-12-01,12,3.63824,4.10093,49.081,48.891,4.101%,1.759%,0.835%,4.101%,3.5484%,3.3833%,
1985-01-01,1,3.70448,4.33777,49.326,49.165,4.338%,1.890%,1.173%,4.338%,3.8158%,4.7750%,
1985-02-01,2,3.48968,4.22203,49.555,49.42,4.222%,2.082%,1.483%,4.222%,4.2076%,6.0636%,
1985-03-01,3,3.5553,4.19135,49.749,49.593,4.191%,2.283%,1.436%,4.191%,4.6184%,5.8683%,
1985-04-01,4,3.31163,3.82669,49.821,49.652,3.827%,2.175%,0.991%,3.827%,4.3976%,4.0214%,
1985-05-01,5,3.42549,3.943,49.939,49.823,3.943%,2.310%,0.815%,3.943%,4.6737%,3.3020%,
1985-06-01,6,3.52277,4.04196,50.075,49.988,4.042%,2.244%,0.796%,4.042%,4.5379%,3.2242%,
1985-07-01,7,3.40722,3.8982,50.198,50.134,3.898%,1.971%,0.971%,3.898%,3.9807%,3.9399%,
1985-08-01,8,3.4317,4.06511,50.364,50.38,4.065%,1.943%,1.118%,4.065%,3.9228%,4.5474%,
1985-09-01,9,3.46603,4.12078,50.449,50.484,4.121%,1.797%,0.992%,4.121%,3.6255%,4.0284%,
1985-10-01,10,3.39444,4.05392,50.533,50.565,4.054%,1.839%,0.860%,4.054%,3.7114%,3.4834%,
1985-11-01,11,3.54903,4.08846,50.68,50.689,4.088%,1.738%,0.613%,4.088%,3.5065%,2.4760%,
1985-12-01,12,3.60425,3.95983,50.85,50.827,3.960%,1.678%,0.679%,3.960%,3.3850%,2.7455%,
1986-01-01,1,3.56404,3.93776,51.084,51.101,3.938%,1.929%,1.060%,3.938%,3.8949%,4.3080%,
1986-02-01,2,3.08546,3.66856,51.084,51.233,3.669%,1.693%,1.073%,3.669%,3.4149%,4.3624%,
1986-03-01,3,2.45834,3.62148,50.972,51.389,3.621%,1.793%,1.106%,3.621%,3.6174%,4.4967%,
1986-04-01,4,2.10152,3.68565,50.868,51.482,3.686%,1.814%,0.746%,3.686%,3.6599%,3.0158%,
1986-05-01,5,2.0465,3.50641,50.961,51.57,3.506%,1.738%,0.658%,3.506%,3.5063%,2.6572%,
1986-06-01,6,2.14878,3.47483,51.151,51.725,3.475%,1.767%,0.654%,3.475%,3.5648%,2.6411%,
1986-07-01,7,1.92438,3.36099,51.164,51.819,3.361%,1.405%,0.655%,3.361%,2.8299%,2.6442%,
1986-08-01,8,1.71551,3.06669,51.228,51.925,3.067%,1.351%,0.688%,3.067%,2.7196%,2.7821%,
1986-09-01,9,1.87714,3.19309,51.396,52.096,3.193%,1.376%,0.717%,3.193%,2.7705%,2.9000%,
1986-10-01,10,1.88985,3.37783,51.488,52.273,3.378%,1.536%,0.876%,3.378%,3.0965%,3.5508%,
1986-11-01,11,1.77585,3.34392,51.58,52.384,3.344%,1.578%,0.884%,3.344%,3.1818%,3.5830%,
1986-12-01,12,1.57522,3.19712,51.651,52.452,3.197%,1.406%,0.683%,3.197%,2.8308%,2.7616%,
1987-01-01,1,1.58562,2.89035,51.894,52.578,2.890%,1.465%,0.583%,2.890%,2.9509%,2.3544%,
1987-02-01,2,1.9419,2.83411,52.076,52.685,2.834%,1.464%,0.575%,2.834%,2.9487%,2.3183%,
1987-03-01,3,2.43663,2.82551,52.214,52.841,2.826%,1.430%,0.742%,2.826%,2.8806%,2.9997%,
1987-04-01,4,3.02941,3.07486,52.409,53.065,3.075%,1.515%,0.926%,3.075%,3.0532%,3.7568%,
1987-05-01,5,3.10237,3.1879,52.542,53.214,3.188%,1.584%,1.004%,3.188%,3.1940%,4.0772%,
1987-06-01,6,3.10844,3.16095,52.741,53.36,3.161%,1.731%,0.982%,3.161%,3.4922%,3.9870%,
1987-07-01,7,3.32069,3.24012,52.863,53.498,3.240%,1.750%,0.816%,3.240%,3.5302%,3.3041%,
1987-08-01,8,3.59959,3.37795,53.072,53.679,3.378%,1.887%,0.874%,3.378%,3.8090%,3.5414%,
1987-09-01,9,3.60923,3.44748,53.251,53.892,3.447%,1.989%,0.997%,3.447%,4.0175%,4.0480%,
1987-10-01,10,3.75233,3.5372,53.42,54.122,3.537%,1.992%,1.166%,3.537%,4.0235%,4.7479%,
1987-11-01,11,3.76309,3.53352,53.521,54.235,3.534%,1.919%,1.036%,3.534%,3.8741%,4.2080%,
1987-12-01,12,3.81212,3.61664,53.62,54.349,3.617%,1.853%,0.848%,3.617%,3.7412%,3.4354%,
1988-01-01,1,3.72683,3.85713,53.828,54.606,3.857%,2.071%,0.894%,3.857%,4.1851%,3.6254%,
1988-02-01,2,3.51794,3.85878,53.908,54.718,3.859%,1.936%,0.891%,3.859%,3.9086%,3.6101%,
1988-03-01,3,3.59865,3.995,54.093,54.952,3.995%,1.967%,1.109%,3.995%,3.9725%,4.5124%,
1988-04-01,4,3.71501,4.05917,54.356,55.219,4.059%,2.027%,1.123%,4.059%,4.0949%,4.5665%,
1988-05-01,5,3.75319,4.1211,54.514,55.407,4.121%,2.161%,1.259%,4.121%,4.3686%,5.1327%,
1988-06-01,6,3.8016,4.27474,54.746,55.641,4.275%,2.377%,1.254%,4.275%,4.8110%,5.1104%,
1988-07-01,7,4.06523,4.43007,55.012,55.868,4.430%,2.311%,1.175%,4.430%,4.6756%,4.7848%,
1988-08-01,8,3.96254,4.33689,55.175,56.007,4.337%,2.356%,1.083%,4.337%,4.7669%,4.4025%,
1988-09-01,9,4.11823,4.48118,55.444,56.307,4.481%,2.466%,1.197%,4.481%,4.9924%,4.8745%,
1988-10-01,10,4.12767,4.43258,55.625,56.521,4.433%,2.358%,1.169%,4.433%,4.7714%,4.7579%,
1988-11-01,11,4.17219,4.50078,55.754,56.676,4.501%,2.290%,1.194%,4.501%,4.6331%,4.8643%,
1988-12-01,12,4.30436,4.6275,55.928,56.864,4.628%,2.198%,0.989%,4.628%,4.4444%,4.0160%,
1989-01-01,1,4.4345,4.66249,56.215,57.152,4.662%,2.298%,1.116%,4.662%,4.6494%,4.5409%,
1989-02-01,2,4.6264,4.71326,56.402,57.297,4.713%,2.303%,1.096%,4.713%,4.6596%,4.4554%,
1989-03-01,3,4.65679,4.57854,56.612,57.468,4.579%,2.062%,1.062%,4.579%,4.1663%,4.3169%,
1989-04-01,4,4.84399,4.42239,56.989,57.661,4.422%,2.017%,0.891%,4.422%,4.0746%,3.6103%,
1989-05-01,5,4.92167,4.37851,57.197,57.833,4.379%,2.041%,0.935%,4.379%,4.1245%,3.7947%,
1989-06-01,6,4.70537,4.21632,57.322,57.987,4.216%,1.975%,0.903%,4.216%,3.9888%,3.6617%,
1989-07-01,7,4.44812,4.05957,57.459,58.136,4.060%,1.722%,0.824%,4.060%,3.4731%,3.3361%,
1989-08-01,8,4.15224,3.94594,57.466,58.217,3.946%,1.606%,0.664%,3.946%,3.2371%,2.6825%,
1989-09-01,9,3.87779,3.75087,57.594,58.419,3.751%,1.655%,0.745%,3.751%,3.3371%,3.0134%,
1989-10-01,10,3.94427,3.73313,57.819,58.631,3.733%,1.682%,0.851%,3.733%,3.3928%,3.4496%,
1989-11-01,11,3.92976,3.72468,57.945,58.787,3.725%,1.650%,0.979%,3.725%,3.3264%,3.9743%,
1989-12-01,12,3.90681,3.67544,58.113,58.954,3.675%,1.668%,0.916%,3.675%,3.3630%,3.7138%,
1990-01-01,1,4.15903,3.55018,58.553,59.181,3.550%,1.798%,0.938%,3.550%,3.6273%,3.8054%,
1990-02-01,2,4.27113,3.78903,58.811,59.468,3.789%,2.149%,1.158%,3.789%,4.3439%,4.7148%,
1990-03-01,3,4.27648,3.97787,59.033,59.754,3.978%,2.285%,1.357%,3.978%,4.6227%,5.5394%,
1990-04-01,4,3.80424,3.93854,59.157,59.932,3.939%,2.219%,1.269%,3.939%,4.4872%,5.1734%,
1990-05-01,5,3.65928,3.94584,59.29,60.115,3.946%,2.259%,1.088%,3.946%,4.5690%,4.4235%,
1990-06-01,6,3.8903,4.07333,59.552,60.349,4.073%,2.366%,0.996%,4.073%,4.7885%,4.0429%,
1990-07-01,7,3.89843,4.06805,59.699,60.501,4.068%,2.230%,0.949%,4.068%,4.5106%,3.8521%,
1990-08-01,8,4.57662,4.35612,60.096,60.753,4.356%,2.161%,1.061%,4.356%,4.3683%,4.3133%,
1990-09-01,9,4.98489,4.35817,60.465,60.965,4.358%,2.027%,1.021%,4.358%,4.0944%,4.1459%,
1990-10-01,10,5.17477,4.33388,60.811,61.172,4.334%,2.069%,1.109%,4.334%,4.1808%,4.5106%,
1990-11-01,11,5.07895,4.1829,60.888,61.246,4.183%,1.881%,0.811%,4.183%,3.7982%,3.2857%,
1990-12-01,12,4.87326,4.03196,60.945,61.331,4.032%,1.627%,0.600%,4.032%,3.2809%,2.4231%,
1991-01-01,1,4.48141,4.14998,61.177,61.637,4.150%,1.878%,0.760%,4.150%,3.7906%,3.0755%,
1991-02-01,2,4.07577,3.93321,61.208,61.807,3.933%,1.735%,0.916%,3.933%,3.4999%,3.7146%,
1991-03-01,3,3.7064,3.65164,61.221,61.936,3.652%,1.593%,0.986%,3.652%,3.2108%,4.0046%,
1991-04-01,4,3.67666,3.55069,61.332,62.06,3.551%,1.452%,0.686%,3.551%,2.9244%,2.7735%,
1991-05-01,5,3.87249,3.64634,61.586,62.307,3.646%,1.732%,0.809%,3.646%,3.4947%,3.2754%,
1991-06-01,6,3.59014,3.46816,61.69,62.442,3.468%,1.811%,0.817%,3.468%,3.6558%,3.3082%,
1991-07-01,7,3.49755,3.52226,61.787,62.632,3.522%,1.614%,0.922%,3.522%,3.2546%,3.7380%,
1991-08-01,8,3.05345,3.37596,61.931,62.804,3.376%,1.613%,0.798%,3.376%,3.2522%,3.2290%,
1991-09-01,9,2.77681,3.4282,62.144,63.055,3.428%,1.807%,0.982%,3.428%,3.6460%,3.9850%,
1991-10-01,10,2.38279,3.30543,62.26,63.194,3.305%,1.827%,0.897%,3.305%,3.6879%,3.6378%,
1991-11-01,11,2.47832,3.37328,62.397,63.312,3.373%,1.613%,0.809%,3.373%,3.2520%,3.2749%,
1991-12-01,12,2.63844,3.48437,62.553,63.468,3.484%,1.643%,0.655%,3.484%,3.3132%,2.6458%,
1992-01-01,1,2.38815,3.25129,62.638,63.641,3.251%,1.611%,0.707%,3.251%,3.2479%,2.8595%,
1992-02-01,2,2.59607,3.24721,62.797,63.814,3.247%,1.608%,0.793%,3.247%,3.2422%,3.2095%,
1992-03-01,3,2.82256,3.28888,62.949,63.973,3.289%,1.456%,0.796%,3.289%,2.9329%,3.2209%,
1992-04-01,4,2.91365,3.42088,63.119,64.183,3.421%,1.565%,0.852%,3.421%,3.1545%,3.4504%,
1992-05-01,5,2.6256,3.15534,63.203,64.273,3.155%,1.518%,0.719%,3.155%,3.0588%,2.9083%,
1992-06-01,6,2.63414,3.0124,63.315,64.323,3.012%,1.347%,0.547%,3.012%,2.7124%,2.2064%,
1992-07-01,7,2.81127,3.08788,63.524,64.566,3.088%,1.453%,0.597%,3.088%,2.9281%,2.4084%,
1992-08-01,8,2.70947,2.8995,63.609,64.625,2.899%,1.271%,0.548%,2.899%,2.5579%,2.2087%,
1992-09-01,9,2.52478,2.65641,63.713,64.73,2.656%,1.183%,0.633%,2.656%,2.3806%,2.5551%,
1992-10-01,10,2.69515,2.82464,63.938,64.979,2.825%,1.240%,0.640%,2.825%,2.4958%,2.5833%,
1992-11-01,11,2.6716,2.85728,64.064,65.121,2.857%,1.319%,0.768%,2.857%,2.6562%,3.1055%,
1992-12-01,12,2.5946,2.79511,64.176,65.242,2.795%,1.429%,0.791%,2.795%,2.8779%,3.2016%,
1993-01-01,1,2.70443,2.81422,64.332,65.432,2.814%,1.341%,0.697%,2.814%,2.7005%,2.8179%,
1993-02-01,2,2.59885,2.73138,64.429,65.557,2.731%,1.442%,0.670%,2.731%,2.9051%,2.7051%,
1993-03-01,3,2.5608,2.69958,64.561,65.7,2.700%,1.499%,0.702%,2.700%,3.0195%,2.8377%,
1993-04-01,4,2.55707,2.66114,64.733,65.891,2.661%,1.404%,0.701%,2.661%,2.8268%,2.8356%,
1993-05-01,5,2.73721,2.86434,64.933,66.114,2.864%,1.525%,0.850%,2.864%,3.0730%,3.4421%,
1993-06-01,6,2.59022,2.88233,64.955,66.177,2.882%,1.433%,0.726%,2.882%,2.8868%,2.9359%,
1993-07-01,7,2.41641,2.70731,65.059,66.314,2.707%,1.348%,0.642%,2.707%,2.7141%,2.5927%,
1993-08-01,8,2.45406,2.80542,65.17,66.438,2.805%,1.344%,0.490%,2.805%,2.7058%,1.9747%,
1993-09-01,9,2.39355,2.79314,65.238,66.538,2.793%,1.275%,0.546%,2.793%,2.5673%,2.1999%,
1993-10-01,10,2.35384,2.56698,65.443,66.647,2.567%,1.147%,0.502%,2.567%,2.3079%,2.0238%,
1993-11-01,11,2.34609,2.60745,65.567,66.819,2.607%,1.066%,0.573%,2.607%,2.1441%,2.3137%,
1993-12-01,12,2.19085,2.46314,65.582,66.849,2.463%,1.015%,0.467%,2.463%,2.0412%,1.8828%,
1994-01-01,1,1.97724,2.24661,65.604,66.902,2.247%,0.887%,0.383%,2.247%,1.7812%,1.5393%,
1994-02-01,2,2.05963,2.27283,65.756,67.047,2.273%,0.917%,0.341%,2.273%,1.8417%,1.3719%,
1994-03-01,3,2.13132,2.39726,65.937,67.275,2.397%,1.108%,0.637%,2.397%,2.2275%,2.5735%,
1994-04-01,4,1.98044,2.25372,66.015,67.376,2.254%,1.094%,0.708%,2.254%,2.1996%,2.8643%,
1994-05-01,5,1.81418,2.1357,66.111,67.526,2.136%,1.058%,0.714%,2.136%,2.1274%,2.8885%,
1994-06-01,6,2.02756,2.26514,66.272,67.676,2.265%,1.237%,0.596%,2.265%,2.4895%,2.4056%,
1994-07-01,7,2.18571,2.268,66.481,67.818,2.268%,1.369%,0.656%,2.268%,2.7571%,2.6500%,
1994-08-01,8,2.24643,2.19152,66.634,67.894,2.192%,1.263%,0.545%,2.192%,2.5425%,2.1978%,
1994-09-01,9,2.25329,2.19273,66.708,67.997,2.193%,1.073%,0.474%,2.193%,2.1579%,1.9108%,
1994-10-01,10,2.10565,2.26567,66.821,68.157,2.266%,1.159%,0.500%,2.266%,2.3318%,2.0145%,
1994-11-01,11,2.10624,2.1895,66.948,68.282,2.189%,1.120%,0.571%,2.189%,2.2517%,2.3056%,
1994-12-01,12,2.14846,2.17804,66.991,68.305,2.178%,0.929%,0.453%,2.178%,1.8675%,1.8242%,
1995-01-01,1,2.3215,2.3512,67.127,68.475,2.351%,0.969%,0.467%,2.351%,1.9469%,1.8794%,
1995-02-01,2,2.26595,2.2969,67.246,68.587,2.297%,1.021%,0.447%,2.297%,2.0518%,1.7987%,
1995-03-01,3,2.17329,2.19993,67.37,68.755,2.200%,1.115%,0.659%,2.200%,2.2419%,2.6614%,
1995-04-01,4,2.32068,2.2842,67.547,68.915,2.284%,1.112%,0.643%,2.284%,2.2366%,2.5952%,
1995-05-01,5,2.32942,2.23025,67.651,69.032,2.230%,1.098%,0.649%,2.230%,2.2088%,2.6206%,
1995-06-01,6,2.18041,2.09232,67.717,69.092,2.092%,1.152%,0.490%,2.092%,2.3176%,1.9750%,
1995-07-01,7,1.98703,2.03928,67.802,69.201,2.039%,1.060%,0.415%,2.039%,2.1317%,1.6704%,
1995-08-01,8,1.97197,2.16956,67.948,69.367,2.170%,1.137%,0.485%,2.170%,2.2874%,1.9553%,
1995-09-01,9,1.9293,2.14862,67.995,69.458,2.149%,1.022%,0.530%,2.149%,2.0554%,2.1358%,
1995-10-01,10,2.02032,2.15679,68.171,69.627,2.157%,1.033%,0.616%,2.157%,2.0770%,2.4852%,
1995-11-01,11,1.8238,2.03568,68.169,69.672,2.036%,0.927%,0.440%,2.036%,1.8628%,1.7704%,
1995-12-01,12,1.95399,2.14479,68.3,69.77,2.145%,0.981%,0.449%,2.145%,1.9722%,1.8089%,
1996-01-01,1,1.97387,2.00657,68.452,69.849,2.007%,0.936%,0.319%,2.007%,1.8816%,1.2815%,
1996-02-01,2,1.95402,1.97268,68.56,69.94,1.973%,0.826%,0.385%,1.973%,1.6589%,1.5475%,
1996-03-01,3,2.07362,1.95913,68.767,70.102,1.959%,0.927%,0.476%,1.959%,1.8630%,1.9170%,
1996-04-01,4,2.11112,1.86026,68.973,70.197,1.860%,0.819%,0.498%,1.860%,1.6440%,2.0078%,
1996-05-01,5,2.13005,1.86435,69.092,70.319,1.864%,0.929%,0.542%,1.864%,1.8659%,2.1853%,
1996-06-01,6,2.02903,1.85405,69.091,70.373,1.854%,0.864%,0.387%,1.854%,1.7360%,1.5553%,
1996-07-01,7,2.11646,1.88437,69.237,70.505,1.884%,0.939%,0.439%,1.884%,1.8872%,1.7666%,
1996-08-01,8,1.99417,1.72849,69.303,70.566,1.728%,0.895%,0.351%,1.728%,1.7981%,1.4124%,
1996-09-01,9,2.21193,1.90331,69.499,70.78,1.903%,0.967%,0.578%,1.903%,1.9437%,2.3335%,
1996-10-01,10,2.25609,1.89725,69.709,70.948,1.897%,1.070%,0.628%,1.897%,2.1511%,2.5371%,
1996-11-01,11,2.44099,1.96492,69.833,71.041,1.965%,1.027%,0.673%,1.965%,2.0640%,2.7198%,
1996-12-01,12,2.3631,1.8604,69.914,71.068,1.860%,0.988%,0.407%,1.860%,1.9849%,1.6375%,
1997-01-01,1,2.26874,1.854,70.005,71.144,1.854%,0.906%,0.276%,1.854%,1.8209%,1.1096%,
1997-02-01,2,2.3206,1.93023,70.151,71.29,1.930%,1.026%,0.351%,1.930%,2.0625%,1.4094%,
1997-03-01,3,2.1202,1.93718,70.225,71.46,1.937%,0.961%,0.552%,1.937%,1.9307%,2.2247%,
1997-04-01,4,1.91524,1.99866,70.294,71.6,1.999%,0.919%,0.641%,1.999%,1.8464%,2.5886%,
1997-05-01,5,1.69339,1.89565,70.262,71.652,1.896%,0.860%,0.508%,1.896%,1.7275%,2.0467%,
1997-06-01,6,1.82513,1.96808,70.352,71.758,1.968%,0.971%,0.417%,1.968%,1.9512%,1.6785%,
1997-07-01,7,1.67107,1.84668,70.394,71.807,1.847%,0.932%,0.289%,1.847%,1.8725%,1.1614%,
1997-08-01,8,1.65505,1.71754,70.45,71.778,1.718%,0.685%,0.176%,1.718%,1.3737%,0.7053%,
1997-09-01,9,1.61297,1.62051,70.62,71.927,1.621%,0.654%,0.236%,1.621%,1.3113%,0.9454%,
1997-10-01,10,1.43884,1.53352,70.712,72.036,1.534%,0.609%,0.319%,1.534%,1.2216%,1.2818%,
1997-11-01,11,1.26445,1.43157,70.716,72.058,1.432%,0.567%,0.390%,1.432%,1.1365%,1.5695%,
1997-12-01,12,1.12567,1.45213,70.701,72.1,1.452%,0.477%,0.241%,1.452%,0.9555%,0.9656%,
1998-01-01,1,1.04421,1.49837,70.736,72.21,1.498%,0.561%,0.242%,1.498%,1.1256%,0.9697%,
1998-02-01,2,0.78117,1.37747,70.699,72.272,1.377%,0.688%,0.297%,1.377%,1.3812%,1.1932%,
1998-03-01,3,0.69064,1.24405,70.71,72.349,1.244%,0.587%,0.345%,1.244%,1.1769%,1.3886%,
1998-04-01,4,0.71699,1.23184,70.798,72.482,1.232%,0.619%,0.377%,1.232%,1.2421%,1.5153%,
1998-05-01,5,0.90091,1.25607,70.895,72.552,1.256%,0.686%,0.387%,1.256%,1.3758%,1.5587%,
1998-06-01,6,0.68655,0.97968,70.835,72.461,0.980%,0.501%,0.155%,0.980%,1.0039%,0.6207%,
1998-07-01,7,0.87507,1.19487,71.01,72.665,1.195%,0.630%,0.252%,1.195%,1.2642%,1.0137%,
1998-08-01,8,0.934,1.43359,71.108,72.807,1.434%,0.740%,0.351%,1.434%,1.4860%,1.4133%,
1998-09-01,9,0.63297,1.20678,71.067,72.795,1.207%,0.616%,0.461%,1.207%,1.2367%,1.8565%,
1998-10-01,10,0.72265,1.25076,71.223,72.937,1.251%,0.628%,0.374%,1.251%,1.2594%,1.5057%,
1998-11-01,11,0.72119,1.23789,71.226,72.95,1.238%,0.549%,0.196%,1.238%,1.1002%,0.7880%,
1998-12-01,12,0.8444,1.35368,71.298,73.076,1.354%,0.849%,0.386%,1.354%,1.7047%,1.5530%,
1999-01-01,1,0.93587,1.3433,71.398,73.18,1.343%,0.709%,0.333%,1.343%,1.4225%,1.3393%,
1999-02-01,2,0.93212,1.22177,71.358,73.155,1.222%,0.478%,0.281%,1.222%,0.9582%,1.1288%,
1999-03-01,3,0.99279,1.14445,71.412,73.177,1.144%,0.525%,0.138%,1.144%,1.0523%,0.5540%,
1999-04-01,4,1.35456,1.21823,71.757,73.365,1.218%,0.587%,0.253%,1.218%,1.1771%,1.0150%,
1999-05-01,5,1.28218,1.21706,71.804,73.435,1.217%,0.665%,0.383%,1.217%,1.3341%,1.5398%,
1999-06-01,6,1.39903,1.39799,71.826,73.474,1.398%,0.545%,0.406%,1.398%,1.0922%,1.6334%,
1999-07-01,7,1.41811,1.29498,72.017,73.606,1.295%,0.582%,0.328%,1.295%,1.1676%,1.3205%,
1999-08-01,8,1.46256,1.14687,72.148,73.642,1.147%,0.666%,0.282%,1.147%,1.3359%,1.1323%,
1999-09-01,9,1.88554,1.43142,72.407,73.837,1.431%,0.902%,0.494%,1.431%,1.8120%,1.9909%,
1999-10-01,10,1.83368,1.40669,72.529,73.963,1.407%,0.815%,0.485%,1.407%,1.6368%,1.9542%,
1999-11-01,11,1.92065,1.48595,72.594,74.034,1.486%,0.816%,0.532%,1.486%,1.6380%,2.1463%,
1999-12-01,12,2.05476,1.4396,72.763,74.128,1.440%,0.890%,0.394%,1.440%,1.7881%,1.5858%,
2000-01-01,1,2.18914,1.53867,72.961,74.306,1.539%,0.951%,0.464%,1.539%,1.9111%,1.8679%,
2000-02-01,2,2.56874,1.72237,73.191,74.415,1.722%,1.050%,0.515%,1.722%,2.1104%,2.0745%,
2000-03-01,3,2.93088,1.90087,73.505,74.568,1.901%,0.990%,0.594%,1.901%,1.9898%,2.3955%,
2000-04-01,4,2.35099,1.70654,73.444,74.617,1.707%,0.884%,0.419%,1.707%,1.7763%,1.6847%,
2000-05-01,5,2.36895,1.71853,73.505,74.697,1.719%,0.896%,0.379%,1.719%,1.7991%,1.5245%,
2000-06-01,6,2.68426,1.74211,73.754,74.754,1.742%,0.844%,0.249%,1.742%,1.6961%,1.0015%,
2000-07-01,7,2.66881,1.79197,73.939,74.925,1.792%,0.833%,0.413%,1.792%,1.6730%,1.6613%,
2000-08-01,8,2.47547,1.87257,73.934,75.021,1.873%,0.814%,0.434%,1.873%,1.6353%,1.7463%,
2000-09-01,9,2.5481,1.85002,74.252,75.203,1.850%,0.852%,0.601%,1.850%,1.7104%,2.4243%,
2000-10-01,10,2.51486,1.81848,74.353,75.308,1.818%,0.926%,0.511%,1.818%,1.8607%,2.0604%,
2000-11-01,11,2.56633,1.90048,74.457,75.441,1.900%,0.996%,0.560%,1.900%,2.0020%,2.2582%,
2000-12-01,12,2.48478,1.87109,74.571,75.515,1.871%,1.018%,0.415%,1.871%,2.0464%,1.6699%,
2001-01-01,1,2.70144,2.00522,74.932,75.796,2.005%,1.162%,0.648%,2.005%,2.3385%,2.6173%,
2001-02-01,2,2.5372,2.03588,75.048,75.93,2.036%,1.212%,0.648%,2.036%,2.4380%,2.6181%,
2001-03-01,3,2.1087,1.93246,75.055,76.009,1.932%,1.072%,0.654%,1.932%,2.1550%,2.6425%,
2001-04-01,4,2.37324,2.02769,75.187,76.13,2.028%,1.092%,0.441%,2.028%,2.1949%,1.7743%,
2001-05-01,5,2.55765,1.94251,75.385,76.148,1.943%,0.937%,0.287%,1.943%,1.8831%,1.1534%,
2001-06-01,6,2.39173,2.0922,75.518,76.318,2.092%,1.063%,0.407%,2.092%,2.1380%,1.6361%,
2001-07-01,7,2.10173,2.12212,75.493,76.515,2.122%,0.949%,0.506%,2.122%,1.9062%,2.0383%,
2001-08-01,8,2.09646,2.04209,75.484,76.553,2.042%,0.820%,0.532%,2.042%,1.6477%,2.1445%,
2001-09-01,9,1.3131,1.21671,75.227,76.118,1.217%,0.143%,-0.262%,1.217%,0.2870%,-1.0441%,
2001-10-01,10,1.53188,1.78733,75.492,76.654,1.787%,0.688%,0.182%,1.787%,1.3813%,0.7286%,
2001-11-01,11,1.32157,1.81466,75.441,76.81,1.815%,0.869%,0.336%,1.815%,1.7463%,1.3496%,
2001-12-01,12,1.06208,1.73873,75.363,76.828,1.739%,0.668%,0.933%,1.739%,1.3410%,3.7836%,
2002-01-01,1,0.66594,1.41828,75.431,76.871,1.418%,0.465%,0.283%,1.418%,0.9327%,1.1372%,
2002-02-01,2,0.67957,1.4329,75.558,77.018,1.433%,0.607%,0.271%,1.433%,1.2185%,1.0876%,
2002-03-01,3,0.94331,1.44851,75.763,77.11,1.449%,1.303%,0.367%,1.449%,2.6235%,1.4763%,
2002-04-01,4,1.18771,1.56968,76.08,77.325,1.570%,0.875%,0.591%,1.570%,1.7584%,2.3834%,
2002-05-01,5,0.98826,1.65861,76.13,77.411,1.659%,0.782%,0.510%,1.659%,1.5710%,2.0568%,
2002-06-01,6,0.9362,1.59333,76.225,77.534,1.593%,0.919%,0.550%,1.593%,1.8463%,2.2177%,
2002-07-01,7,1.19216,1.53826,76.393,77.692,1.538%,1.068%,0.475%,1.538%,2.1475%,1.9120%,
2002-08-01,8,1.40295,1.68772,76.543,77.845,1.688%,1.074%,0.561%,1.688%,2.1591%,2.2615%,
2002-09-01,9,1.93282,2.43569,76.681,77.972,2.436%,1.118%,0.565%,2.436%,2.2483%,2.2789%,
2002-10-01,10,1.76045,1.80552,76.821,78.038,1.806%,0.922%,0.445%,1.806%,1.8527%,1.7933%,
2002-11-01,11,1.92999,1.6977,76.897,78.114,1.698%,0.908%,0.346%,1.698%,1.8245%,1.3894%,
2002-12-01,12,2.13367,1.76889,76.971,78.187,1.769%,0.842%,0.276%,1.769%,1.6915%,1.1075%,
2003-01-01,1,2.34652,1.78091,77.201,78.24,1.781%,0.705%,0.259%,1.781%,1.4157%,1.0394%,
2003-02-01,2,2.60462,1.72687,77.526,78.348,1.727%,0.646%,0.300%,1.727%,1.2965%,1.2036%,
2003-03-01,3,2.58965,1.7689,77.725,78.474,1.769%,0.644%,0.367%,1.769%,1.2918%,1.4764%,
2003-04-01,4,1.9887,1.59845,77.593,78.561,1.598%,0.670%,0.410%,1.598%,1.3449%,1.6512%,
2003-05-01,5,1.80481,1.63155,77.504,78.674,1.632%,0.717%,0.416%,1.632%,1.4389%,1.6748%,
2003-06-01,6,1.78813,1.52707,77.588,78.718,1.527%,0.679%,0.311%,1.527%,1.3629%,1.2495%,
2003-07-01,7,1.86274,1.57416,77.816,78.915,1.574%,0.863%,0.451%,1.574%,1.7329%,1.8146%,
2003-08-01,8,2.00672,1.48886,78.079,79.004,1.489%,0.837%,0.419%,1.489%,1.6816%,1.6884%,
2003-09-01,9,2.14134,1.46463,78.323,79.114,1.465%,0.816%,0.503%,1.465%,1.6378%,2.0275%,
2003-10-01,10,1.96821,1.5659,78.333,79.26,1.566%,0.890%,0.437%,1.566%,1.7874%,1.7602%,
2003-11-01,11,1.99618,1.60535,78.432,79.368,1.605%,0.882%,0.461%,1.605%,1.7720%,1.8557%,
2003-12-01,12,2.12288,1.6371,78.605,79.467,1.637%,0.951%,0.446%,1.637%,1.9120%,1.7967%,
2004-01-01,1,2.21241,1.82899,78.909,79.671,1.829%,0.958%,0.519%,1.829%,1.9252%,2.0904%,
2004-02-01,2,2.00062,1.85327,79.077,79.8,1.853%,1.008%,0.544%,1.853%,2.0252%,2.1950%,
2004-03-01,3,1.89643,1.86049,79.199,79.934,1.860%,1.036%,0.588%,1.860%,2.0837%,2.3715%,
2004-04-01,4,2.25922,2.01245,79.346,80.142,2.012%,1.113%,0.591%,2.012%,2.2380%,2.3858%,
2004-05-01,5,2.70954,2.00575,79.604,80.252,2.006%,1.114%,0.566%,2.006%,2.2400%,2.2850%,
2004-06-01,6,2.89091,2.11006,79.831,80.379,2.110%,1.148%,0.557%,2.110%,2.3085%,2.2455%,
2004-07-01,7,2.68454,1.97554,79.905,80.474,1.976%,1.008%,0.414%,1.976%,2.0259%,1.6674%,
2004-08-01,8,2.39117,1.8999,79.946,80.505,1.900%,0.883%,0.315%,1.900%,1.7747%,1.2670%,
2004-09-01,9,2.27392,1.94909,80.104,80.656,1.949%,0.903%,0.345%,1.949%,1.8146%,1.3856%,
2004-10-01,10,2.70001,1.98208,80.448,80.831,1.982%,0.860%,0.444%,1.982%,1.7268%,1.7863%,
2004-11-01,11,2.96563,2.06254,80.758,81.005,2.063%,0.938%,0.621%,2.063%,1.8854%,2.5076%,
2004-12-01,12,2.79372,2.06627,80.801,81.109,2.066%,0.908%,0.562%,2.066%,1.8246%,2.2656%,
2005-01-01,1,2.53203,2.17143,80.907,81.401,2.171%,1.152%,0.705%,2.171%,2.3171%,2.8507%,
2005-02-01,2,2.59873,2.17544,81.132,81.536,2.175%,1.281%,0.656%,2.175%,2.5777%,2.6480%,
2005-03-01,3,2.74751,2.25561,81.375,81.737,2.256%,1.340%,0.774%,2.256%,2.6985%,3.1332%,
2005-04-01,4,2.8445,2.10751,81.603,81.831,2.108%,1.237%,0.528%,2.108%,2.4896%,2.1298%,
2005-05-01,5,2.56897,2.17689,81.649,81.999,2.177%,1.227%,0.568%,2.177%,2.4692%,2.2908%,
2005-06-01,6,2.3412,2.08637,81.7,82.056,2.086%,1.168%,0.390%,2.086%,2.3488%,1.5703%,
2005-07-01,7,2.67943,2.11497,82.046,82.176,2.115%,0.952%,0.422%,2.115%,1.9132%,1.6971%,
2005-08-01,8,3.0408,2.15887,82.377,82.243,2.159%,0.867%,0.298%,2.159%,1.7417%,1.1956%,
2005-09-01,9,3.83002,2.19327,83.172,82.425,2.193%,0.842%,0.450%,2.193%,1.6905%,1.8109%,
2005-10-01,10,3.55136,2.26522,83.305,82.662,2.265%,1.016%,0.591%,2.265%,2.0413%,2.3867%,
2005-11-01,11,2.93841,2.30603,83.131,82.873,2.306%,1.066%,0.766%,2.306%,2.1431%,3.0995%,
2005-12-01,12,2.88363,2.28088,83.131,82.959,2.281%,1.100%,0.648%,2.281%,2.2130%,2.6167%,
2006-01-01,1,3.24694,2.14248,83.534,83.145,2.142%,1.179%,0.584%,2.142%,2.3723%,2.3578%,
2006-02-01,2,3.02224,2.13771,83.584,83.279,2.138%,1.260%,0.490%,2.138%,2.5352%,1.9741%,
2006-03-01,3,2.91367,2.16793,83.746,83.509,2.168%,1.315%,0.663%,2.168%,2.6476%,2.6784%,
2006-04-01,4,3.10283,2.36219,84.135,83.764,2.362%,1.333%,0.744%,2.362%,2.6841%,3.0114%,
2006-05-01,5,3.32153,2.40857,84.361,83.974,2.409%,1.329%,0.835%,2.409%,2.6747%,3.3802%,
2006-06-01,6,3.51163,2.59579,84.569,84.186,2.596%,1.479%,0.811%,2.596%,2.9800%,3.2824%,
2006-07-01,7,3.42735,2.54576,84.858,84.268,2.546%,1.351%,0.602%,2.546%,2.7195%,2.4286%,
2006-08-01,8,3.33588,2.67135,85.125,84.44,2.671%,1.394%,0.555%,2.671%,2.8077%,2.2383%,
2006-09-01,9,2.08003,2.60601,84.902,84.573,2.606%,1.274%,0.460%,2.606%,2.5645%,1.8515%,
2006-10-01,10,1.67697,2.49692,84.702,84.726,2.497%,1.148%,0.544%,2.497%,2.3101%,2.1918%,
2006-11-01,11,1.92467,2.28422,84.731,84.766,2.284%,0.943%,0.386%,2.284%,1.8952%,1.5533%,
2006-12-01,12,2.28675,2.3156,85.032,84.88,2.316%,0.824%,0.363%,2.316%,1.6555%,1.4599%,
2007-01-01,1,2.13326,2.50045,85.316,85.224,2.500%,1.134%,0.588%,2.500%,2.2818%,2.3719%,
2007-02-01,2,2.38921,2.55647,85.581,85.408,2.556%,1.146%,0.757%,2.556%,2.3059%,3.0641%,
2007-03-01,3,2.5649,2.37699,85.894,85.494,2.377%,1.089%,0.723%,2.377%,2.1899%,2.9250%,
2007-04-01,4,2.33078,2.21097,86.096,85.616,2.211%,1.050%,0.460%,2.211%,2.1119%,1.8526%,
2007-05-01,5,2.35298,2.07564,86.346,85.717,2.076%,1.122%,0.362%,2.076%,2.2564%,1.4550%,
2007-06-01,6,2.31763,1.98727,86.529,85.859,1.987%,1.153%,0.427%,1.987%,2.3201%,1.7187%,
2007-07-01,7,2.12473,2.04111,86.661,85.988,2.041%,0.896%,0.434%,2.041%,1.8010%,1.7494%,
2007-08-01,8,1.87372,1.98484,86.72,86.116,1.985%,0.829%,0.465%,1.985%,1.6648%,1.8750%,
2007-09-01,9,2.53469,2.10233,87.054,86.351,2.102%,1.002%,0.573%,2.102%,2.0149%,2.3119%,
2007-10-01,10,3.08847,2.18351,87.318,86.576,2.184%,1.121%,0.684%,2.184%,2.2551%,2.7634%,
2007-11-01,11,3.59963,2.33584,87.781,86.746,2.336%,1.200%,0.732%,2.336%,2.4153%,2.9586%,
2007-12-01,12,3.47163,2.40339,87.984,86.92,2.403%,1.236%,0.659%,2.403%,2.4868%,2.6619%,
2008-01-01,1,3.38741,2.19304,88.206,87.093,2.193%,1.285%,0.597%,2.193%,2.5866%,2.4101%,
2008-02-01,2,3.27292,2.07241,88.382,87.178,2.072%,1.233%,0.498%,2.072%,2.4816%,2.0070%,
2008-03-01,3,3.19114,2.16974,88.635,87.349,2.170%,1.156%,0.494%,2.170%,2.3249%,1.9889%,
2008-04-01,4,3.13952,2.08372,88.799,87.4,2.084%,0.952%,0.352%,2.084%,1.9126%,1.4175%,
2008-05-01,5,3.28214,2.14893,89.18,87.559,2.149%,0.937%,0.437%,2.149%,1.8832%,1.7596%,
2008-06-01,6,3.81144,2.2141,89.827,87.76,2.214%,0.966%,0.471%,2.214%,1.9422%,1.8954%,
2008-07-01,7,4.13566,2.2445,90.245,87.918,2.244%,0.947%,0.593%,2.244%,1.9035%,2.3919%,
2008-08-01,8,3.98063,2.21794,90.172,88.026,2.218%,0.973%,0.533%,2.218%,1.9549%,2.1505%,
2008-09-01,9,3.66784,2.04398,90.247,88.116,2.044%,0.878%,0.406%,2.044%,1.7639%,1.6325%,
2008-10-01,10,2.67184,1.6344,89.651,87.991,1.634%,0.676%,0.083%,1.634%,1.3570%,0.3325%,
2008-11-01,11,0.92503,1.39027,88.593,87.952,1.390%,0.449%,-0.084%,1.390%,0.8997%,-0.3358%,
2008-12-01,12,0.12957,1.13783,88.098,87.909,1.138%,0.170%,-0.235%,1.138%,0.3399%,-0.9364%,
2009-01-01,1,-0.1111,0.90593,88.108,87.882,0.906%,-0.041%,-0.124%,0.906%,-0.0819%,-0.4946%,
2009-02-01,2,-0.13125,0.88784,88.266,87.952,0.888%,-0.084%,0.000%,0.888%,-0.1681%,0.0000%,
2009-03-01,3,-0.52575,0.76246,88.169,88.015,0.762%,-0.115%,0.121%,0.762%,-0.2291%,0.4832%,
2009-04-01,4,-0.56757,0.92792,88.295,88.211,0.928%,0.250%,0.374%,0.928%,0.5007%,1.5059%,
2009-05-01,5,-0.88921,0.8223,88.387,88.279,0.822%,0.372%,0.372%,0.822%,0.7450%,1.4955%,
2009-06-01,6,-1.01862,0.72015,88.912,88.392,0.720%,0.549%,0.428%,0.720%,1.1019%,1.7244%,
2009-07-01,7,-1.46601,0.62558,88.922,88.468,0.626%,0.667%,0.291%,0.626%,1.3381%,1.1705%,
2009-08-01,8,-1.10012,0.65094,89.18,88.599,0.651%,0.736%,0.362%,0.651%,1.4767%,1.4579%,
2009-09-01,9,-1.02275,0.72518,89.324,88.755,0.725%,0.841%,0.411%,0.725%,1.6886%,1.6528%,
2009-10-01,10,0.01339,1.2399,89.663,89.082,1.240%,0.987%,0.694%,1.240%,1.9846%,2.8052%,
2009-11-01,11,1.46061,1.37348,89.887,89.16,1.373%,0.998%,0.633%,1.373%,2.0059%,2.5569%,
2009-12-01,12,2.08972,1.50952,89.939,89.236,1.510%,0.955%,0.542%,1.510%,1.9188%,2.1855%,
2010-01-01,1,2.30172,1.6909,90.136,89.368,1.691%,1.017%,0.321%,1.691%,2.0450%,1.2904%,
2010-02-01,2,2.11633,1.69865,90.134,89.446,1.699%,0.956%,0.321%,1.699%,1.9211%,1.2893%,
2010-03-01,3,2.37272,1.77697,90.261,89.579,1.777%,0.928%,0.384%,1.777%,1.8654%,1.5464%,
2010-04-01,4,2.28212,1.60297,90.31,89.625,1.603%,0.610%,0.288%,1.603%,1.2228%,1.1553%,
2010-05-01,5,2.20847,1.63686,90.339,89.724,1.637%,0.633%,0.311%,1.637%,1.2691%,1.2490%,
2010-06-01,6,1.56222,1.55557,90.301,89.767,1.556%,0.595%,0.210%,1.556%,1.1936%,0.8421%,
2010-07-01,7,1.63739,1.47059,90.378,89.769,1.471%,0.449%,0.161%,1.471%,0.8994%,0.6442%,
2010-08-01,8,1.4824,1.41762,90.502,89.855,1.418%,0.457%,0.146%,1.418%,0.9166%,0.5853%,
2010-09-01,9,1.41955,1.29683,90.592,89.906,1.297%,0.365%,0.155%,1.297%,0.7314%,0.6208%,
2010-10-01,10,1.35842,1.07878,90.881,90.043,1.079%,0.466%,0.305%,1.079%,0.9350%,1.2265%,
2010-11-01,11,1.3072,1.12158,91.062,90.16,1.122%,0.486%,0.339%,1.122%,0.9742%,1.3647%,
2010-12-01,12,1.47767,1.05675,91.268,90.179,1.057%,0.459%,0.304%,1.057%,0.9200%,1.2201%,
2011-01-01,1,1.55987,1.12344,91.542,90.372,1.123%,0.672%,0.365%,1.123%,1.3480%,1.4696%,
2011-02-01,2,1.84503,1.2119,91.797,90.53,1.212%,0.751%,0.410%,1.212%,1.5081%,1.6517%,
2011-03-01,3,2.11055,1.21457,92.166,90.667,1.215%,0.846%,0.541%,1.215%,1.7000%,2.1822%,
2011-04-01,4,2.4881,1.3947,92.557,90.875,1.395%,0.924%,0.557%,1.395%,1.8565%,2.2450%,
2011-05-01,5,2.76625,1.52356,92.838,91.091,1.524%,1.033%,0.620%,1.524%,2.0759%,2.5019%,
2011-06-01,6,2.78845,1.58633,92.819,91.191,1.586%,1.122%,0.578%,1.586%,2.2570%,2.3319%,
2011-07-01,7,2.8757,1.73445,92.977,91.326,1.734%,1.056%,0.496%,1.734%,2.1224%,2.0000%,
2011-08-01,8,2.97673,1.83963,93.196,91.508,1.840%,1.080%,0.458%,1.840%,2.1723%,1.8437%,
2011-09-01,9,3.01903,1.85082,93.327,91.57,1.851%,0.996%,0.416%,1.851%,2.0018%,1.6728%,
2011-10-01,10,2.69363,1.74472,93.329,91.614,1.745%,0.813%,0.315%,1.745%,1.6330%,1.2674%,
2011-11-01,11,2.69926,1.82786,93.52,91.808,1.828%,0.787%,0.328%,1.828%,1.5804%,1.3178%,
2011-12-01,12,2.52662,1.97496,93.574,91.96,1.975%,0.843%,0.426%,1.975%,1.6937%,1.7145%,
2012-01-01,1,2.56931,2.06148,93.894,92.235,2.061%,0.995%,0.678%,2.061%,2.0006%,2.7391%,
2012-02-01,2,2.51315,2.02585,94.104,92.364,2.026%,0.935%,0.606%,2.026%,1.8796%,2.4445%,
2012-03-01,3,2.29803,2.04485,94.284,92.521,2.045%,1.039%,0.610%,2.045%,2.0879%,2.4626%,
2012-04-01,4,1.99985,1.96534,94.408,92.661,1.965%,1.143%,0.462%,1.965%,2.2987%,1.8603%,
2012-05-01,5,1.57694,1.82674,94.302,92.755,1.827%,1.032%,0.423%,1.827%,2.0736%,1.7041%,
2012-06-01,6,1.54602,1.81926,94.254,92.85,1.819%,0.968%,0.356%,1.819%,1.9450%,1.4300%,
2012-07-01,7,1.41003,1.77387,94.288,92.946,1.774%,0.771%,0.308%,1.774%,1.5477%,1.2360%,
2012-08-01,8,1.51187,1.63592,94.605,93.005,1.636%,0.694%,0.270%,1.636%,1.3928%,1.0825%,
2012-09-01,9,1.67797,1.6916,94.893,93.119,1.692%,0.646%,0.290%,1.692%,1.2969%,1.1639%,
2012-10-01,10,1.97688,1.88945,95.174,93.345,1.889%,0.738%,0.429%,1.889%,1.4818%,1.7282%,
2012-11-01,11,1.6991,1.78307,95.109,93.445,1.783%,0.744%,0.473%,1.783%,1.4933%,1.9058%,
2012-12-01,12,1.62438,1.68987,95.094,93.514,1.690%,0.715%,0.424%,1.690%,1.4354%,1.7076%,
2013-01-01,1,1.47081,1.59159,95.275,93.703,1.592%,0.814%,0.384%,1.592%,1.6355%,1.5429%,
2013-02-01,2,1.60461,1.56013,95.614,93.805,1.560%,0.860%,0.385%,1.560%,1.7277%,1.5499%,
2013-03-01,3,1.27699,1.48074,95.488,93.891,1.481%,0.829%,0.403%,1.481%,1.6650%,1.6224%,
2013-04-01,4,1.04123,1.37706,95.391,93.937,1.377%,0.634%,0.250%,1.377%,1.2724%,1.0026%,
2013-05-01,5,1.22903,1.39292,95.461,94.047,1.393%,0.644%,0.258%,1.393%,1.2926%,1.0359%,
2013-06-01,6,1.50551,1.46365,95.673,94.209,1.464%,0.743%,0.339%,1.464%,1.4919%,1.3617%,
2013-07-01,7,1.59511,1.48796,95.792,94.329,1.488%,0.668%,0.417%,1.488%,1.3406%,1.6797%,
2013-08-01,8,1.40479,1.53325,95.934,94.431,1.533%,0.667%,0.408%,1.533%,1.3391%,1.6433%,
2013-09-01,9,1.14129,1.52923,95.976,94.543,1.529%,0.694%,0.355%,1.529%,1.3937%,1.4257%,
2013-10-01,10,0.97611,1.45482,96.103,94.703,1.455%,0.815%,0.396%,1.455%,1.6375%,1.5954%,
2013-11-01,11,1.19547,1.51426,96.246,94.86,1.514%,0.864%,0.454%,1.514%,1.7364%,1.8296%,
2013-12-01,12,1.3881,1.54736,96.414,94.961,1.547%,0.798%,0.442%,1.547%,1.6028%,1.7803%,
2014-01-01,1,1.40541,1.45246,96.614,95.064,1.452%,0.779%,0.381%,1.452%,1.5644%,1.5335%,
2014-02-01,2,1.09398,1.39012,96.66,95.109,1.390%,0.718%,0.262%,1.390%,1.4411%,1.0541%,
2014-03-01,3,1.3897,1.44742,96.815,95.25,1.447%,0.748%,0.304%,1.447%,1.5012%,1.2229%,
2014-04-01,4,1.67311,1.57127,96.987,95.413,1.571%,0.750%,0.367%,1.571%,1.5050%,1.4766%,
2014-05-01,5,1.76617,1.62366,97.147,95.574,1.624%,0.753%,0.489%,1.624%,1.5110%,1.9700%,
2014-06-01,6,1.65146,1.56354,97.253,95.682,1.564%,0.759%,0.454%,1.564%,1.5243%,1.8266%,
2014-07-01,7,1.66924,1.61032,97.391,95.848,1.610%,0.825%,0.456%,1.610%,1.6562%,1.8362%,
2014-08-01,8,1.50624,1.53975,97.379,95.885,1.540%,0.816%,0.325%,1.540%,1.6385%,1.3080%,
2014-09-01,9,1.49725,1.55485,97.413,96.013,1.555%,0.801%,0.346%,1.555%,1.6085%,1.3909%,
2014-10-01,10,1.33294,1.47091,97.384,96.096,1.471%,0.716%,0.259%,1.471%,1.4368%,1.0390%,
2014-11-01,11,1.08576,1.39258,97.291,96.181,1.393%,0.635%,0.309%,1.393%,1.2743%,1.2405%,
2014-12-01,12,0.73226,1.35635,97.12,96.249,1.356%,0.593%,0.246%,1.356%,1.1887%,0.9868%,
2015-01-01,1,0.0414,1.20971,96.654,96.214,1.210%,0.382%,0.123%,1.210%,0.7652%,0.4921%,
2015-02-01,2,0.1707,1.27748,96.825,96.324,1.277%,0.458%,0.149%,1.277%,0.9178%,0.5960%,
2015-03-01,3,0.19935,1.28084,97.008,96.47,1.281%,0.476%,0.230%,1.281%,0.9542%,0.9216%,
2015-04-01,4,0.11032,1.29437,97.094,96.648,1.294%,0.574%,0.451%,1.294%,1.1522%,1.8166%,
2015-05-01,5,0.18529,1.2472,97.327,96.766,1.247%,0.608%,0.459%,1.247%,1.2202%,1.8481%,
2015-06-01,6,0.27043,1.25415,97.516,96.882,1.254%,0.658%,0.427%,1.254%,1.3197%,1.7193%,
2015-07-01,7,0.21973,1.17895,97.605,96.978,1.179%,0.794%,0.341%,1.179%,1.5944%,1.3728%,
2015-08-01,8,0.23927,1.22125,97.612,97.056,1.221%,0.760%,0.300%,1.221%,1.5256%,1.2042%,
2015-09-01,9,0.0657,1.23212,97.477,97.196,1.232%,0.753%,0.324%,1.232%,1.5108%,1.3027%,
2015-10-01,10,0.0955,1.17799,97.477,97.228,1.178%,0.600%,0.258%,1.178%,1.2038%,1.0352%,
2015-11-01,11,0.25388,1.1967,97.538,97.332,1.197%,0.585%,0.284%,1.197%,1.1733%,1.1423%,
2015-12-01,12,0.34596,1.1917,97.456,97.396,1.192%,0.531%,0.206%,1.192%,1.0639%,0.8256%,
2016-01-01,1,0.87115,1.40624,97.496,97.567,1.406%,0.607%,0.349%,1.406%,1.2184%,1.4020%,
2016-02-01,2,0.64033,1.46589,97.445,97.736,1.466%,0.701%,0.415%,1.466%,1.4062%,1.6707%,
2016-03-01,3,0.68551,1.45745,97.673,97.876,1.457%,0.700%,0.493%,1.457%,1.4041%,1.9860%,
2016-04-01,4,0.92591,1.51995,97.993,98.117,1.520%,0.914%,0.564%,1.520%,1.8371%,2.2740%,
2016-05-01,5,0.84869,1.56873,98.153,98.284,1.569%,0.978%,0.561%,1.569%,1.9658%,2.2617%,
2016-06-01,6,0.82961,1.5524,98.325,98.386,1.552%,1.016%,0.521%,1.552%,2.0433%,2.1006%,
2016-07-01,7,0.75508,1.59933,98.342,98.529,1.599%,0.986%,0.420%,1.599%,1.9817%,1.6902%,
2016-08-01,8,0.88821,1.69696,98.479,98.703,1.697%,0.989%,0.426%,1.697%,1.9886%,1.7162%,
2016-09-01,9,1.21977,1.68525,98.666,98.834,1.685%,0.979%,0.455%,1.685%,1.9672%,1.8339%,
2016-10-01,10,1.427,1.78241,98.868,98.961,1.782%,0.860%,0.438%,1.782%,1.7278%,1.7654%,
2016-11-01,11,1.3974,1.71886,98.901,99.005,1.719%,0.734%,0.306%,1.719%,1.4726%,1.2295%,
2016-12-01,12,1.65716,1.77009,99.071,99.12,1.770%,0.746%,0.289%,1.770%,1.4976%,1.1625%,
2017-01-01,1,2.00521,1.86333,99.451,99.385,1.863%,0.869%,0.428%,1.863%,1.7451%,1.7249%,
2017-02-01,2,2.19714,1.86728,99.586,99.561,1.867%,0.869%,0.562%,1.867%,1.7461%,2.2653%,
2017-03-01,3,1.90636,1.67865,99.535,99.519,1.679%,0.693%,0.403%,1.679%,1.3910%,1.6199%,
2017-04-01,4,1.76747,1.63682,99.725,99.723,1.637%,0.770%,0.340%,1.637%,1.5459%,1.3673%,
2017-05-01,5,1.55777,1.54552,99.682,99.803,1.546%,0.806%,0.243%,1.546%,1.6185%,0.9758%,
2017-06-01,6,1.46555,1.57644,99.766,99.937,1.576%,0.824%,0.420%,1.576%,1.6553%,1.6907%,
2017-07-01,7,1.48563,1.50311,99.803,100.01,1.503%,0.629%,0.288%,1.503%,1.2617%,1.1562%,
2017-08-01,8,1.57191,1.43359,100.027,100.118,1.434%,0.559%,0.316%,1.434%,1.1220%,1.2685%,
2017-09-01,9,1.75744,1.42259,100.4,100.24,1.423%,0.724%,0.303%,1.423%,1.4542%,1.2183%,
2017-10-01,10,1.68204,1.54101,100.531,100.486,1.541%,0.765%,0.476%,1.541%,1.5361%,1.9174%,
2017-11-01,11,1.79371,1.54538,100.675,100.535,1.545%,0.733%,0.417%,1.545%,1.4723%,1.6765%,
2017-12-01,12,1.76641,1.57688,100.821,100.683,1.577%,0.746%,0.442%,1.577%,1.4985%,1.7795%,
2018-01-01,1,1.75765,1.63204,101.199,101.007,1.632%,0.997%,0.518%,1.632%,2.0037%,2.0901%,
2018-02-01,2,1.83761,1.64422,101.416,101.198,1.644%,1.079%,0.659%,1.644%,2.1691%,2.6641%,
2018-03-01,3,1.99829,1.90918,101.524,101.419,1.909%,1.176%,0.731%,1.909%,2.3662%,2.9562%,
2018-04-01,4,2.04663,1.88422,101.766,101.602,1.884%,1.111%,0.589%,1.884%,2.2335%,2.3772%,
2018-05-01,5,2.26621,1.9809,101.941,101.78,1.981%,1.238%,0.575%,1.981%,2.4921%,2.3204%,
2018-06-01,6,2.26831,1.93622,102.029,101.872,1.936%,1.181%,0.447%,1.936%,2.3758%,1.7987%,
2018-07-01,7,2.33861,1.9958,102.137,102.006,1.996%,0.989%,0.398%,1.996%,1.9879%,1.6000%,
2018-08-01,8,2.18041,1.89576,102.208,102.016,1.896%,0.808%,0.232%,1.896%,1.6232%,0.9307%,
2018-09-01,9,2.00996,1.9603,102.418,102.205,1.960%,0.775%,0.327%,1.960%,1.5560%,1.3139%,
2018-10-01,10,2.0531,1.87091,102.595,102.366,1.871%,0.752%,0.353%,1.871%,1.5096%,1.4192%,
2018-11-01,11,1.94189,2.01025,102.63,102.556,2.010%,0.762%,0.529%,2.010%,1.5307%,2.1342%,
2018-12-01,12,1.86469,2.03808,102.701,102.735,2.038%,0.847%,0.519%,2.038%,1.7015%,2.0905%,
2019-01-01,1,1.43183,1.84443,102.648,102.87,1.844%,0.847%,0.492%,1.844%,1.7012%,1.9840%,
2019-02-01,2,1.40017,1.74411,102.836,102.963,1.744%,0.928%,0.397%,1.744%,1.8652%,1.5969%,
2019-03-01,3,1.52181,1.61607,103.069,103.058,1.616%,0.835%,0.314%,1.616%,1.6762%,1.2635%,
2019-04-01,4,1.56634,1.63678,103.36,103.265,1.637%,0.878%,0.384%,1.637%,1.7642%,1.5448%,
2019-05-01,5,1.46555,1.56318,103.435,103.371,1.563%,0.795%,0.396%,1.563%,1.5957%,1.5945%,
2019-06-01,6,1.42607,1.65698,103.484,103.56,1.657%,0.803%,0.487%,1.657%,1.6125%,1.9627%,
2019-07-01,7,1.45393,1.63912,103.622,103.678,1.639%,0.785%,0.400%,1.639%,1.5771%,1.6094%,
2019-08-01,8,1.43042,1.7458,103.67,103.797,1.746%,0.810%,0.412%,1.746%,1.6266%,1.6586%,
2019-09-01,9,1.28395,1.63201,103.733,103.873,1.632%,0.791%,0.302%,1.632%,1.5879%,1.2145%,
2019-10-01,10,1.28856,1.62359,103.917,104.028,1.624%,0.739%,0.338%,1.624%,1.4832%,1.3572%,
2019-11-01,11,1.35828,1.49772,104.024,104.092,1.498%,0.697%,0.284%,1.498%,1.3998%,1.1417%,
2019-12-01,12,1.56376,1.54475,104.307,104.322,1.545%,0.736%,0.432%,1.545%,1.4770%,1.7403%,
2020-01-01,1,1.72531,1.57286,104.419,104.488,1.573%,0.781%,0.442%,1.573%,1.5686%,1.7805%,
2020-02-01,2,1.65798,1.67147,104.541,104.684,1.671%,0.855%,0.569%,1.671%,1.7164%,2.2944%,
2020-03-01,3,1.14777,1.49236,104.252,104.596,1.492%,0.696%,0.263%,1.492%,1.3969%,1.0547%,
2020-04-01,4,0.44214,0.95967,103.817,104.256,0.960%,0.219%,-0.222%,0.960%,0.4388%,-0.8852%,
2020-05-01,5,0.46309,0.96642,103.914,104.37,0.966%,0.267%,-0.300%,0.966%,0.5349%,-1.1944%,
2020-06-01,6,0.72378,0.93762,104.233,104.531,0.938%,0.200%,-0.062%,0.938%,0.4011%,-0.2483%,
2020-07-01,7,0.90907,1.17865,104.564,104.9,1.179%,0.394%,0.618%,1.179%,0.7902%,2.4938%,
2020-08-01,8,1.17392,1.3854,104.887,105.235,1.385%,0.526%,0.829%,1.385%,1.0555%,3.3566%,
2020-09-01,9,1.26575,1.46525,105.046,105.395,1.465%,0.764%,0.827%,1.465%,1.5336%,3.3474%,
2020-10-01,10,1.14418,1.38617,105.106,105.47,1.386%,1.164%,0.543%,1.386%,2.3424%,2.1913%,
2020-11-01,11,1.15454,1.42758,105.225,105.578,1.428%,1.157%,0.326%,1.428%,2.3282%,1.3101%,
2020-12-01,12,1.32589,1.51646,105.69,105.904,1.516%,1.313%,0.483%,1.516%,2.6442%,1.9458%,
2021-01-01,1,1.59358,1.68058,106.083,106.244,1.681%,1.281%,0.734%,1.681%,2.5789%,2.9679%,
2021-02-01,2,1.84617,1.71277,106.471,106.477,1.713%,1.180%,0.852%,1.713%,2.3744%,3.4498%,
2021-03-01,3,2.66662,2.20085,107.032,106.898,2.201%,1.426%,0.939%,2.201%,2.8725%,3.8075%,
2021-04-01,4,3.67474,3.15857,107.632,107.549,3.159%,1.971%,1.228%,3.159%,3.9812%,5.0045%,
2021-05-01,5,4.10917,3.5767,108.184,108.103,3.577%,2.392%,1.527%,3.577%,4.8404%,6.2497%,
2021-06-01,6,4.33164,3.88784,108.748,108.595,3.888%,2.541%,1.587%,3.888%,5.1465%,6.5028%,
2021-07-01,7,4.50537,3.96759,109.275,109.062,3.968%,2.652%,1.407%,3.968%,5.3751%,5.7471%,
2021-08-01,8,4.60782,3.99202,109.72,109.436,3.992%,2.779%,1.233%,3.992%,5.6352%,5.0243%,
2021-09-01,9,4.76077,4.04384,110.047,109.657,4.044%,2.581%,0.978%,4.044%,5.2285%,3.9695%,
2021-10-01,10,5.36125,4.46952,110.741,110.184,4.470%,2.450%,1.029%,4.470%,4.9601%,4.1790%,
2021-11-01,11,5.97292,4.93853,111.51,110.792,4.939%,2.487%,1.239%,4.939%,5.0368%,5.0492%,
2021-12-01,12,6.17939,5.24437,112.221,111.458,5.244%,2.636%,1.642%,5.244%,5.3423%,6.7332%,
2022-01-01,1,6.30921,5.40642,112.776,111.988,5.406%,2.683%,1.637%,5.406%,5.4377%,6.7116%,
2022-02-01,2,6.59147,5.64911,113.489,112.492,5.649%,2.792%,1.534%,5.649%,5.6630%,6.2803%,
2022-03-01,3,6.96708,5.62967,114.489,112.916,5.630%,2.972%,1.308%,5.630%,6.0323%,5.3360%,
2022-04-01,4,6.70154,5.34826,114.845,113.301,5.348%,2.829%,1.172%,5.348%,5.7378%,4.7729%,
2022-05-01,5,6.80138,5.1858,115.542,113.709,5.186%,2.633%,1.082%,5.186%,5.3350%,4.3982%,
2022-06-01,6,7.24887,5.32345,116.631,114.376,5.323%,2.618%,1.293%,5.323%,5.3046%,5.2732%,
2022-07-01,7,6.76001,5.11269,116.662,114.638,5.113%,2.366%,1.180%,5.113%,4.7886%,4.8044%,
2022-08-01,8,6.63689,5.35656,117.002,115.298,5.357%,2.494%,1.397%,5.357%,5.0510%,5.7080%,
2022-09-01,9,6.66079,5.60657,117.377,115.805,5.607%,2.559%,1.249%,5.607%,5.1825%,5.0920%,
2022-10-01,10,6.45651,5.45996,117.891,116.2,5.460%,2.559%,1.363%,5.460%,5.1828%,5.5626%,
2022-11-01,11,6.01829,5.20074,118.221,116.554,5.201%,2.502%,1.089%,5.201%,5.0666%,4.4291%,
2022-12-01,12,5.50877,4.95164,118.403,116.977,4.952%,2.274%,1.012%,4.952%,4.5999%,4.1101%,
2023-01-01,1,5.52511,4.94517,119.007,117.526,4.945%,2.519%,1.141%,4.945%,5.1019%,4.6433%,
2023-02-01,2,5.20932,4.86346,119.401,117.963,4.863%,2.311%,1.209%,4.863%,4.6762%,4.9239%,
2023-03-01,3,4.42313,4.77169,119.553,118.304,4.772%,2.158%,1.134%,4.772%,4.3624%,4.6154%,
2023-04-01,4,4.46254,4.77842,119.97,118.715,4.778%,2.164%,1.012%,4.778%,4.3756%,4.1086%,
2023-05-01,5,3.97951,4.70851,120.14,119.063,4.709%,2.153%,0.932%,4.709%,4.3516%,3.7825%,
2023-06-01,6,3.26157,4.3663,120.435,119.37,4.366%,2.046%,0.901%,4.366%,4.1333%,3.6533%,
2023-07-01,7,3.37385,4.27258,120.598,119.536,4.273%,1.710%,0.692%,4.273%,3.4498%,2.7951%,
2023-08-01,8,3.38712,3.78151,120.965,119.658,3.782%,1.437%,0.500%,3.782%,2.8944%,2.0140%,
2023-09-01,9,3.41634,3.65701,121.387,120.04,3.657%,1.467%,0.561%,3.657%,2.9563%,2.2641%,
2023-10-01,10,2.99429,3.44234,121.421,120.2,3.442%,1.251%,0.555%,3.442%,2.5174%,2.2405%,
2023-11-01,11,2.70172,3.22168,121.415,120.309,3.222%,1.047%,0.544%,3.222%,2.1040%,2.1940%,
2023-12-01,12,2.70179,3.03564,121.602,120.528,3.036%,0.970%,0.407%,3.036%,1.9496%,1.6361%,
2024-01-01,1,2.61161,3.06485,122.115,121.128,3.065%,1.332%,0.772%,3.065%,2.6814%,3.1241%,
2024-02-01,2,2.59043,2.92888,122.494,121.418,2.929%,1.471%,0.922%,2.929%,2.9634%,3.7385%,
2024-03-01,3,2.80963,2.97961,122.912,121.829,2.980%,1.490%,1.079%,2.980%,3.0029%,4.3881%,
2024-04-01,4,2.72068,2.88506,123.234,122.14,2.885%,1.614%,0.835%,2.885%,3.2540%,3.3840%,
2024-05-01,5,2.56701,2.6675,123.224,122.239,2.667%,1.604%,0.676%,2.667%,3.2341%,2.7323%,
2024-06-01,6,2.43617,2.63048,123.369,122.51,2.630%,1.644%,0.559%,2.630%,3.3159%,2.2547%,
2024-07-01,7,2.46853,2.66531,123.575,122.722,2.665%,1.316%,0.477%,2.665%,2.6492%,1.9197%,
2024-08-01,8,2.28331,2.73112,123.727,122.926,2.731%,1.242%,0.562%,2.731%,2.4994%,2.2671%,
2024-09-01,9,2.10237,2.66078,123.939,123.234,2.661%,1.153%,0.591%,2.661%,2.3198%,2.3849%,
2024-10-01,10,2.34226,2.82446,124.265,123.595,2.824%,1.191%,0.711%,2.824%,2.3967%,2.8760%,
2024-11-01,11,2.45769,2.83187,124.399,123.716,2.832%,1.208%,0.643%,2.832%,2.4312%,2.5955%,
2024-12-01,12,2.6044,2.86406,124.769,123.98,2.864%,1.200%,0.605%,2.864%,2.4142%,2.4435%,
2025-01-01,1,2.55824,2.70705,125.239,124.407,2.707%,1.373%,0.657%,2.707%,2.7649%,2.6539%,
2025-02-01,2,2.67605,2.94932,125.772,124.999,2.949%,1.686%,1.037%,2.949%,3.4012%,4.2132%,
2025-03-01,3,2.34233,2.69969,125.791,125.118,2.700%,1.529%,0.918%,2.700%,3.0810%,3.7224%,
2025-04-01,4,2.2364,2.6224,125.99,125.343,2.622%,1.414%,0.752%,2.622%,2.8486%,3.0436%,
2025-05-01,5,2.41593,2.75771,126.201,125.61,2.758%,1.531%,0.489%,2.758%,3.0853%,1.9696%,
2025-06-01,6,2.5825,2.79324,126.555,125.932,2.793%,1.574%,0.651%,2.793%,3.1737%,2.6278%,
