"Table 2.8.4. Price Indexes for Personal Consumption Expenditures by Major Type of Product, Monthly"
"Table 2.8.4. Price Indexes for Personal Consumption Expenditures by Major Type of Product, Monthly"
"Last Revised on: July 31, 2025 - Next Release Date August 29, 2025"
Line,,1995,1995,1995,1995,1995,1995,1995,1995,1995,1995,1995,1995,1996,1996,1996,1996,1996,1996,1996,1996,1996,1996,1996,1996,1997,1997,1997,1997,1997,1997,1997,1997,1997,1997,1997,1997,1998,1998,1998,1998,1998,1998,1998,1998,1998,1998,1998,1998,1999,1999,1999,1999,1999,1999,1999,1999,1999,1999,1999,1999,2000,2000,2000,2000,2000,2000,2000,2000,2000,2000,2000,2000,2001,2001,2001,2001,2001,2001,2001,2001,2001,2001,2001,2001,2002,2002,2002,2002,2002,2002,2002,2002,2002,2002,2002,2002,2003,2003,2003,2003,2003,2003,2003,2003,2003,2003,2003,2003,2004,2004,2004,2004,2004,2004,2004,2004,2004,2004,2004,2004,2005,2005,2005,2005,2005,2005,2005,2005,2005,2005,2005,2005,2006,2006,2006,2006,2006,2006,2006,2006,2006,2006,2006,2006,2007,2007,2007,2007,2007,2007,2007,2007,2007,2007,2007,2007,2008,2008,2008,2008,2008,2008,2008,2008,2008,2008,2008,2008,2009,2009,2009,2009,2009,2009,2009,2009,2009,2009,2009,2009,2010,2010,2010,2010,2010,2010,2010,2010,2010,2010,2010,2010,2011,2011,2011,2011,2011,2011,2011,2011,2011,2011,2011,2011,2012,2012,2012,2012,2012,2012,2012,2012,2012,2012,2012,2012,2013,2013,2013,2013,2013,2013,2013,2013,2013,2013,2013,2013,2014,2014,2014,2014,2014,2014,2014,2014,2014,2014,2014,2014,2015,2015,2015,2015,2015,2015,2015,2015,2015,2015,2015,2015,2016,2016,2016,2016,2016,2016,2016,2016,2016,2016,2016,2016,2017,2017,2017,2017,2017,2017,2017,2017,2017,2017,2017,2017,2018,2018,2018,2018,2018,2018,2018,2018,2018,2018,2018,2018,2019,2019,2019,2019,2019,2019,2019,2019,2019,2019,2019,2019,2020,2020,2020,2020,2020,2020,2020,2020,2020,2020,2020,2020,2021,2021,2021,2021,2021,2021,2021,2021,2021,2021,2021,2021,2022,2022,2022,2022,2022,2022,2022,2022,2022,2022,2022,2022,2023,2023,2023,2023,2023,2023,2023,2023,2023,2023,2023,2023,2024,2024,2024,2024,2024,2024,2024,2024,2024,2024,2024,2024,2025,2025,2025,2025,2025,2025
Line,,JAN,FEB,MAR,APR,MAY,JUN,JUL,AUG,SEP,OCT,NOV,DEC,JAN,FEB,MAR,APR,MAY,JUN,JUL,AUG,SEP,OCT,NOV,DEC,JAN,FEB,MAR,APR,MAY,JUN,JUL,AUG,SEP,OCT,NOV,DEC,JAN,FEB,MAR,APR,MAY,JUN,JUL,AUG,SEP,OCT,NOV,DEC,JAN,FEB,MAR,APR,MAY,JUN,JUL,AUG,SEP,OCT,NOV,DEC,JAN,FEB,MAR,APR,MAY,JUN,JUL,AUG,SEP,OCT,NOV,DEC,JAN,FEB,MAR,APR,MAY,JUN,JUL,AUG,SEP,OCT,NOV,DEC,JAN,FEB,MAR,APR,MAY,JUN,JUL,AUG,SEP,OCT,NOV,DEC,JAN,FEB,MAR,APR,MAY,JUN,JUL,AUG,SEP,OCT,NOV,DEC,JAN,FEB,MAR,APR,MAY,JUN,JUL,AUG,SEP,OCT,NOV,DEC,JAN,FEB,MAR,APR,MAY,JUN,JUL,AUG,SEP,OCT,NOV,DEC,JAN,FEB,MAR,APR,MAY,JUN,JUL,AUG,SEP,OCT,NOV,DEC,JAN,FEB,MAR,APR,MAY,JUN,JUL,AUG,SEP,OCT,NOV,DEC,JAN,FEB,MAR,APR,MAY,JUN,JUL,AUG,SEP,OCT,NOV,DEC,JAN,FEB,MAR,APR,MAY,JUN,JUL,AUG,SEP,OCT,NOV,DEC,JAN,FEB,MAR,APR,MAY,JUN,JUL,AUG,SEP,OCT,NOV,DEC,JAN,FEB,MAR,APR,MAY,JUN,JUL,AUG,SEP,OCT,NOV,DEC,JAN,FEB,MAR,APR,MAY,JUN,JUL,AUG,SEP,OCT,NOV,DEC,JAN,FEB,MAR,APR,MAY,JUN,JUL,AUG,SEP,OCT,NOV,DEC,JAN,FEB,MAR,APR,MAY,JUN,JUL,AUG,SEP,OCT,NOV,DEC,JAN,FEB,MAR,APR,MAY,JUN,JUL,AUG,SEP,OCT,NOV,DEC,JAN,FEB,MAR,APR,MAY,JUN,JUL,AUG,SEP,OCT,NOV,DEC,JAN,FEB,MAR,APR,MAY,JUN,JUL,AUG,SEP,OCT,NOV,DEC,JAN,FEB,MAR,APR,MAY,JUN,JUL,AUG,SEP,OCT,NOV,DEC,JAN,FEB,MAR,APR,MAY,JUN,JUL,AUG,SEP,OCT,NOV,DEC,JAN,FEB,MAR,APR,MAY,JUN,JUL,AUG,SEP,OCT,NOV,DEC,JAN,FEB,MAR,APR,MAY,JUN,JUL,AUG,SEP,OCT,NOV,DEC,JAN,FEB,MAR,APR,MAY,JUN,JUL,AUG,SEP,OCT,NOV,DEC,JAN,FEB,MAR,APR,MAY,JUN,JUL,AUG,SEP,OCT,NOV,DEC,JAN,FEB,MAR,APR,MAY,JUN,JUL,AUG,SEP,OCT,NOV,DEC,JAN,FEB,MAR,APR,MAY,JUN
1,"        Personal consumption expenditures (PCE)",67.127,67.246,67.370,67.547,67.651,67.717,67.802,67.948,67.995,68.171,68.169,68.300,68.452,68.560,68.767,68.973,69.092,69.091,69.237,69.303,69.499,69.709,69.833,69.914,70.005,70.151,70.225,70.294,70.262,70.352,70.394,70.450,70.620,70.712,70.716,70.701,70.736,70.699,70.710,70.798,70.895,70.835,71.010,71.108,71.067,71.223,71.226,71.298,71.398,71.358,71.412,71.757,71.804,71.826,72.017,72.148,72.407,72.529,72.594,72.763,72.961,73.191,73.505,73.444,73.505,73.754,73.939,73.934,74.252,74.353,74.457,74.571,74.932,75.048,75.055,75.187,75.385,75.518,75.493,75.484,75.227,75.492,75.441,75.363,75.431,75.558,75.763,76.080,76.130,76.225,76.393,76.543,76.681,76.821,76.897,76.971,77.201,77.526,77.725,77.593,77.504,77.588,77.816,78.079,78.323,78.333,78.432,78.605,78.909,79.077,79.199,79.346,79.604,79.831,79.905,79.946,80.104,80.448,80.758,80.801,80.907,81.132,81.375,81.603,81.649,81.700,82.046,82.377,83.172,83.305,83.131,83.131,83.534,83.584,83.746,84.135,84.361,84.569,84.858,85.125,84.902,84.702,84.731,85.032,85.316,85.581,85.894,86.096,86.346,86.529,86.661,86.720,87.054,87.318,87.781,87.984,88.206,88.382,88.635,88.799,89.180,89.827,90.245,90.172,90.247,89.651,88.593,88.098,88.108,88.266,88.169,88.295,88.387,88.912,88.922,89.180,89.324,89.663,89.887,89.939,90.136,90.134,90.261,90.310,90.339,90.301,90.378,90.502,90.592,90.881,91.062,91.268,91.542,91.797,92.166,92.557,92.838,92.819,92.977,93.196,93.327,93.329,93.520,93.574,93.894,94.104,94.284,94.408,94.302,94.254,94.288,94.605,94.893,95.174,95.109,95.094,95.275,95.614,95.488,95.391,95.461,95.673,95.792,95.934,95.976,96.103,96.246,96.414,96.614,96.660,96.815,96.987,97.147,97.253,97.391,97.379,97.413,97.384,97.291,97.120,96.654,96.825,97.008,97.094,97.327,97.516,97.605,97.612,97.477,97.477,97.538,97.456,97.496,97.445,97.673,97.993,98.153,98.325,98.342,98.479,98.666,98.868,98.901,99.071,99.451,99.586,99.535,99.725,99.682,99.766,99.803,100.027,100.400,100.531,100.675,100.821,101.199,101.416,101.524,101.766,101.941,102.029,102.137,102.208,102.418,102.595,102.630,102.701,102.648,102.836,103.069,103.360,103.435,103.484,103.622,103.670,103.733,103.917,104.024,104.307,104.419,104.541,104.252,103.817,103.914,104.233,104.564,104.887,105.046,105.106,105.225,105.690,106.083,106.471,107.032,107.632,108.184,108.748,109.275,109.720,110.047,110.741,111.510,112.221,112.776,113.489,114.489,114.845,115.542,116.631,116.662,117.002,117.377,117.891,118.221,118.403,119.007,119.401,119.553,119.970,120.140,120.435,120.598,120.965,121.387,121.421,121.415,121.602,122.115,122.494,122.912,123.234,123.224,123.369,123.575,123.727,123.939,124.265,124.399,124.769,125.239,125.772,125.791,125.990,126.201,126.555
2,Goods,92.102,92.109,92.124,92.346,92.312,92.243,92.283,92.366,92.326,92.427,92.210,92.404,92.760,92.863,93.263,93.525,93.435,93.155,93.205,93.090,93.292,93.530,93.633,93.667,93.714,93.804,93.640,93.481,93.202,92.956,92.863,92.936,93.053,93.042,92.794,92.641,92.456,92.123,91.737,91.778,91.779,91.659,91.802,91.777,91.560,91.644,91.489,91.515,91.705,91.394,91.271,92.237,92.081,92.025,92.306,92.500,92.908,92.905,92.750,93.013,93.129,93.448,94.259,93.969,93.870,94.302,94.389,93.938,94.564,94.348,94.448,94.405,94.511,94.491,94.181,94.328,94.642,94.672,94.221,93.825,94.165,93.627,93.025,92.531,92.575,92.534,92.842,93.485,93.236,93.181,93.229,93.319,93.307,93.384,93.275,93.092,93.468,93.985,93.859,93.081,92.147,92.205,92.508,92.945,93.297,92.814,92.760,92.967,93.412,93.629,93.777,93.692,94.200,94.507,94.299,94.081,94.236,95.093,95.530,95.276,94.867,95.146,95.368,95.672,95.442,95.304,95.938,96.673,98.562,98.050,96.785,96.632,97.250,96.965,97.010,97.689,97.859,97.906,98.518,98.946,97.697,96.699,96.405,96.985,96.963,97.288,97.870,98.084,98.565,98.645,98.705,98.402,98.822,99.101,100.141,100.330,100.674,100.859,101.121,101.283,101.844,103.299,104.112,103.647,103.806,102.146,98.613,96.891,97.092,97.732,97.573,97.886,98.113,99.642,99.387,99.818,100.076,100.306,100.716,100.671,100.904,100.638,100.588,100.415,100.127,99.813,99.900,100.090,100.286,100.798,101.146,101.689,102.218,102.681,103.469,104.318,104.745,104.496,104.649,104.909,105.076,105.049,105.264,105.024,105.449,105.798,106.046,106.021,105.393,104.858,104.714,105.430,106.086,106.405,105.814,105.430,105.544,106.264,105.459,104.862,104.625,104.873,104.911,105.040,104.784,104.704,104.697,104.822,105.026,104.915,104.747,104.995,104.961,105.049,105.026,104.769,104.577,104.275,103.554,102.609,101.015,101.363,101.650,101.523,101.975,102.114,102.066,101.752,101.018,100.825,100.689,100.204,99.794,99.256,99.505,100.001,99.889,99.990,99.484,99.467,99.747,99.964,99.657,99.771,100.396,100.355,100.242,100.135,99.581,99.419,99.319,99.604,100.309,100.176,100.261,100.202,100.764,100.857,100.623,101.020,101.077,100.940,100.849,100.746,100.923,101.082,100.672,100.178,99.946,100.183,100.516,100.807,100.771,100.503,100.474,100.310,100.217,100.372,100.429,100.590,100.477,100.446,99.574,98.694,98.501,98.990,99.410,99.879,99.799,99.732,99.892,100.474,100.958,101.318,101.908,102.748,103.533,104.328,104.837,105.435,105.867,107.072,108.130,109.027,109.824,111.009,112.687,112.715,113.740,115.492,114.958,114.552,114.497,114.956,114.931,114.294,114.837,115.092,114.910,115.216,115.094,115.023,114.732,115.419,115.622,115.310,114.679,114.430,114.245,114.783,114.950,115.201,114.784,114.587,114.559,114.387,114.248,114.263,114.248,114.373,114.942,115.203,114.647,114.778,114.861,115.312
3,"    Durable goods",156.378,156.362,156.676,156.742,156.232,155.930,155.810,155.937,155.647,155.598,155.227,155.529,155.633,155.464,155.610,155.047,154.374,154.210,154.198,154.147,154.076,154.033,153.575,152.811,152.749,152.939,152.957,151.800,151.370,151.054,150.718,150.314,150.149,150.112,149.440,149.112,148.816,148.346,148.204,148.278,147.173,146.592,146.692,146.196,145.777,145.561,145.208,144.633,144.458,143.910,143.374,143.556,143.196,142.841,142.757,142.527,142.329,142.068,141.745,141.259,141.202,140.810,141.084,140.871,140.885,140.446,140.188,139.611,139.818,139.555,139.588,139.463,139.368,138.902,138.459,138.267,137.725,137.777,137.864,137.203,135.968,136.562,136.320,136.126,135.755,134.926,134.743,134.641,134.569,134.177,133.991,133.748,133.633,133.411,132.913,132.379,131.567,131.153,130.858,130.489,129.664,129.144,128.949,128.375,128.036,127.584,127.258,126.999,127.130,127.197,127.182,127.217,127.026,126.945,126.521,125.863,125.893,126.202,126.264,126.329,126.143,125.965,125.868,125.794,126.056,125.591,125.160,124.730,124.826,124.719,124.620,124.506,124.402,124.121,123.750,123.763,123.615,123.165,123.175,123.169,122.549,122.484,122.192,121.861,121.655,121.647,121.325,121.035,120.922,120.929,120.543,119.998,119.846,119.849,119.688,119.337,119.423,119.236,119.207,118.722,118.439,118.371,118.412,118.154,117.826,117.719,117.290,116.852,116.767,116.772,116.432,116.481,116.319,116.256,115.670,115.202,115.508,115.895,115.964,115.703,115.555,115.146,114.980,114.540,114.227,113.840,113.337,113.422,113.305,113.132,113.094,112.774,112.994,113.135,112.914,113.180,113.290,113.426,113.373,113.240,112.741,112.773,112.656,112.558,112.684,112.548,112.290,112.001,111.940,111.596,111.429,111.212,110.967,110.867,110.849,110.753,110.738,110.647,110.248,109.912,109.788,109.735,109.489,109.112,109.037,108.882,108.720,108.308,108.041,107.698,107.377,107.286,106.893,106.762,106.748,106.601,106.441,106.328,105.817,105.262,104.930,105.164,105.051,105.212,105.137,104.971,104.672,104.311,104.428,104.143,103.808,103.573,103.528,103.402,103.078,103.450,103.112,102.490,102.153,101.912,101.825,101.603,100.880,100.611,101.088,101.059,100.709,100.574,100.377,100.109,99.759,99.514,99.171,99.471,99.185,98.985,99.324,99.039,98.908,99.090,98.910,98.532,98.613,98.351,98.124,98.174,98.271,98.259,98.627,98.562,98.197,97.869,97.832,98.148,97.475,97.304,97.330,97.295,97.018,96.572,96.591,97.003,96.705,96.011,96.016,95.690,96.287,97.212,97.322,97.500,97.633,97.900,97.867,97.920,98.250,99.736,101.369,102.617,102.959,103.827,103.935,105.203,105.842,106.889,108.159,108.481,108.222,108.188,108.503,109.108,108.845,109.369,109.888,109.472,108.849,108.611,108.889,108.887,108.782,108.803,108.935,108.567,107.856,107.447,107.465,107.209,106.694,106.235,106.459,106.611,106.686,106.439,105.624,105.631,105.316,105.065,105.416,105.455,105.391,104.883,105.210,105.637,105.582,106.097,106.120,106.614
4,"        Motor vehicles and parts",94.243,94.507,95.117,95.125,95.286,95.427,95.190,95.245,95.101,95.415,95.663,96.158,96.438,96.778,97.106,96.784,96.832,96.840,96.832,97.135,97.491,97.736,97.681,97.743,97.702,98.109,98.331,97.751,97.549,97.125,97.201,97.125,97.251,97.636,97.196,96.849,96.745,96.659,96.457,96.536,95.929,95.681,96.306,96.456,96.608,96.514,96.700,96.517,96.593,96.308,96.112,96.209,96.283,96.490,96.803,97.064,97.219,97.252,97.268,97.020,96.885,96.627,96.897,97.007,97.295,97.385,97.076,96.801,96.936,96.942,97.302,97.751,97.740,97.625,97.532,97.546,97.480,97.429,97.786,97.614,96.206,97.292,97.545,97.678,97.413,96.834,96.815,96.883,96.836,96.835,97.090,97.124,97.182,97.075,96.767,96.495,95.503,95.123,95.245,94.927,94.716,94.371,94.370,93.891,93.684,93.017,92.855,92.811,92.867,93.047,93.183,93.297,93.458,93.419,93.232,92.856,93.260,93.710,94.416,94.712,94.746,94.886,94.816,94.959,95.344,95.259,94.741,94.203,94.486,94.905,95.130,95.205,95.335,95.315,95.263,95.179,95.081,94.927,94.961,94.909,94.874,94.737,94.428,94.278,94.308,94.193,94.382,94.409,94.357,94.268,94.364,94.462,94.533,94.484,94.671,94.600,94.277,93.801,93.793,93.366,93.124,92.885,92.804,92.448,91.978,91.491,91.284,91.039,91.164,91.085,90.768,91.092,91.421,91.973,91.970,92.237,93.169,94.468,95.403,95.887,96.221,96.335,96.175,95.969,95.856,96.247,96.079,96.295,96.524,96.587,96.928,97.163,97.632,97.930,98.028,98.515,99.239,99.889,99.976,100.147,100.079,100.177,100.341,100.387,100.472,100.258,100.575,100.578,100.738,100.602,100.744,100.689,100.669,100.848,100.987,101.380,101.540,101.336,101.287,101.262,101.261,101.461,101.621,101.694,102.000,102.059,102.184,102.215,101.930,101.823,101.563,101.709,101.688,101.575,101.829,102.009,102.161,102.070,101.820,101.526,101.028,101.749,101.871,102.118,102.443,102.573,102.418,102.219,102.244,101.815,101.671,101.427,101.415,101.496,101.413,101.778,101.877,101.538,101.250,101.154,101.581,101.180,100.550,100.471,100.596,100.561,100.638,100.523,100.434,100.031,99.561,99.537,99.029,99.510,99.628,99.952,100.032,99.936,99.998,99.603,99.979,99.990,99.963,100.112,99.730,99.962,100.389,100.499,101.168,101.272,101.310,101.087,100.814,100.620,100.353,100.528,100.549,100.661,100.731,101.039,101.165,101.602,101.683,101.050,101.115,100.050,100.851,102.461,104.579,105.206,104.954,105.184,104.934,104.892,105.205,108.247,111.378,115.748,116.679,116.908,117.859,120.412,122.680,125.434,126.950,127.636,126.250,126.063,127.198,127.795,127.795,128.175,128.631,128.521,128.155,127.649,127.443,126.851,126.961,128.293,129.395,129.108,128.283,127.777,127.055,126.727,127.576,127.716,126.670,126.807,126.114,125.421,125.454,124.704,123.878,123.616,123.953,124.506,125.010,125.481,126.522,126.664,126.178,126.217,126.064,125.595
5,"        Furnishings and durable household equipment",137.033,137.189,137.272,137.306,136.550,136.337,137.116,137.755,138.050,138.228,137.139,137.093,137.875,137.748,137.691,137.992,137.187,137.404,137.684,137.895,138.191,137.836,137.310,136.931,137.186,137.847,137.597,137.849,138.035,137.858,137.478,137.050,137.387,137.341,136.732,136.942,137.216,137.018,137.560,138.499,137.587,137.708,138.267,137.359,136.649,136.952,136.610,136.498,137.074,136.209,136.113,136.671,135.431,135.490,135.551,135.074,135.366,134.917,134.505,134.093,134.728,134.716,135.565,135.271,134.732,134.269,134.734,134.073,134.813,134.299,134.064,133.461,133.565,133.645,132.877,133.025,132.214,132.294,132.245,131.767,132.007,131.430,131.122,130.865,130.602,130.023,129.949,130.077,130.150,130.008,129.676,128.912,129.299,129.206,128.662,127.700,127.753,127.814,127.535,127.462,126.008,125.502,125.348,124.820,124.779,124.920,124.461,124.104,124.571,124.942,124.734,124.542,124.255,124.608,124.174,123.539,123.555,124.697,124.275,123.973,124.380,124.411,124.888,124.975,125.386,124.646,124.454,124.032,123.573,123.545,123.672,124.205,124.165,123.797,123.441,123.643,123.798,123.600,123.778,123.887,123.308,123.914,123.782,123.389,123.135,123.554,123.427,123.284,123.151,123.409,123.008,122.499,121.916,121.872,121.843,121.321,122.018,121.919,122.226,121.374,121.242,121.399,121.734,122.003,122.424,122.457,122.080,121.623,121.981,122.529,122.989,122.869,122.660,122.565,121.824,120.283,120.569,119.992,119.378,119.159,118.971,118.161,117.901,117.341,117.137,116.147,115.721,115.398,115.047,114.969,113.949,113.799,114.296,114.248,113.808,114.203,114.665,114.976,114.890,115.153,114.357,114.466,114.138,114.085,114.576,115.099,114.587,114.655,114.559,114.457,114.997,114.540,113.943,114.014,114.300,113.774,113.859,113.993,113.308,113.079,112.883,112.747,112.006,111.644,111.359,111.180,110.849,110.137,110.178,109.929,109.259,108.705,108.261,108.343,108.319,107.943,107.783,107.949,107.394,106.674,106.434,106.420,106.351,107.070,106.449,106.108,105.678,105.040,105.336,105.147,104.444,104.382,104.745,104.028,104.207,104.026,103.715,103.169,102.621,101.954,101.855,102.244,101.254,101.001,102.060,101.801,101.524,100.930,100.656,100.288,99.398,99.213,98.761,98.710,98.463,98.196,98.807,98.846,98.636,99.898,99.603,98.802,98.839,98.335,98.598,99.371,99.379,99.220,100.094,100.531,99.953,99.486,99.965,100.434,100.113,99.514,99.957,99.463,99.071,98.486,99.161,99.816,99.434,99.405,99.644,100.034,100.066,102.146,102.045,102.042,102.663,101.961,101.939,102.290,102.986,103.804,105.075,105.611,105.472,106.785,107.999,108.525,109.537,110.575,112.635,113.556,115.045,116.094,115.510,115.875,116.234,116.982,117.062,116.456,115.785,115.956,116.614,116.762,116.518,115.573,114.907,114.516,114.239,114.410,113.885,113.855,112.423,112.249,112.775,112.425,112.635,111.782,110.635,110.502,110.216,110.337,110.868,110.930,110.803,109.803,109.909,110.236,110.236,110.718,111.346,112.791
6,"        Recreational goods and vehicles",409.336,407.778,404.061,404.786,402.993,396.260,395.277,392.125,390.053,387.019,384.865,383.715,381.743,380.153,378.008,374.283,370.995,368.932,366.111,365.427,362.078,360.273,358.228,354.770,351.780,350.077,347.905,341.813,338.731,337.958,334.988,333.189,331.777,329.330,327.611,325.813,323.097,319.623,319.126,317.138,313.475,311.104,307.916,304.457,301.904,299.769,296.846,294.580,292.773,290.971,288.423,287.330,286.286,283.150,281.149,278.979,276.479,274.780,273.581,272.018,270.886,268.783,267.805,266.090,268.184,266.559,264.558,262.668,261.868,260.325,258.812,257.589,255.654,253.295,250.859,250.057,248.271,247.098,246.328,244.102,242.015,241.183,240.105,238.873,237.045,235.851,233.748,232.846,232.984,230.731,229.420,229.255,227.395,226.540,225.731,224.647,223.390,221.862,220.474,219.294,217.156,215.542,214.560,213.301,212.117,211.770,211.318,210.620,209.812,209.082,208.783,208.423,207.167,206.452,204.905,203.754,203.171,202.098,200.672,199.514,198.970,197.495,196.561,196.106,195.675,194.896,194.171,193.139,192.791,191.599,190.155,188.672,187.627,187.148,186.269,185.530,184.205,182.401,182.283,181.623,179.318,178.511,177.596,176.504,175.118,174.328,173.390,172.362,171.753,170.695,169.512,167.549,166.986,166.877,165.781,164.911,165.022,164.376,163.442,162.555,161.852,161.835,161.426,160.646,159.997,160.014,159.144,158.036,157.229,156.585,155.192,154.752,153.740,152.913,151.161,150.343,149.035,148.581,147.860,146.637,145.988,145.235,144.833,143.898,142.578,141.362,140.374,140.140,139.637,139.022,138.424,136.436,135.864,135.780,134.976,134.304,133.210,132.508,132.212,131.096,130.266,129.422,129.213,128.954,128.517,127.872,126.890,126.228,125.835,124.916,124.529,123.580,123.022,122.372,122.242,121.743,121.301,120.984,120.178,119.017,118.835,118.435,117.953,117.231,116.857,116.613,116.267,115.537,115.289,114.739,114.419,114.593,113.640,113.521,112.982,112.629,112.044,111.938,111.216,110.084,109.933,109.979,109.624,109.572,109.400,108.985,108.228,108.244,108.495,108.076,108.252,107.666,106.747,106.337,105.635,106.291,104.448,103.556,103.726,103.268,102.713,101.976,100.970,100.442,101.302,101.033,100.312,100.095,100.155,100.216,100.741,99.883,99.475,99.838,98.848,98.101,98.821,97.582,97.335,97.546,96.672,96.474,96.638,96.306,96.033,95.703,95.469,95.699,95.453,94.765,94.550,93.404,93.027,93.375,92.180,91.983,92.048,91.948,91.122,90.326,89.853,90.354,89.875,88.556,88.337,88.119,89.177,89.229,87.312,87.449,88.299,89.359,89.228,89.489,89.285,89.871,90.555,90.023,90.206,91.191,90.157,91.305,90.790,90.363,91.207,91.433,90.815,90.425,90.463,91.262,90.302,90.890,91.336,91.034,89.773,89.007,89.584,89.970,89.702,89.050,88.848,88.193,87.122,86.461,87.485,87.123,86.113,84.620,85.955,86.975,87.362,87.496,86.113,86.108,86.211,86.016,85.773,85.351,84.871,83.829,84.449,84.884,84.770,86.016,85.996,86.786
7,"        Other durable goods",118.748,118.201,119.558,119.448,117.982,119.774,119.330,120.743,120.308,120.301,120.087,120.716,120.211,118.995,119.998,119.675,118.660,118.595,119.917,118.522,118.380,118.895,118.442,116.349,117.684,117.328,118.407,117.207,117.160,117.674,117.938,117.598,116.496,116.528,116.168,116.432,116.484,116.689,116.106,116.304,115.766,114.601,114.310,114.573,114.295,114.480,114.182,113.113,112.229,112.600,112.110,112.958,113.051,112.323,112.058,112.037,111.757,112.071,111.589,111.351,111.501,111.762,112.040,112.161,110.210,109.191,109.672,109.631,110.038,110.456,111.055,110.609,111.596,110.932,111.752,110.923,110.535,112.092,112.094,111.193,109.875,111.447,110.153,109.963,110.689,109.318,110.384,110.100,109.532,109.356,108.919,108.467,108.691,108.617,108.096,108.137,107.542,107.603,107.007,107.022,106.709,106.931,106.878,106.895,106.643,106.104,105.681,105.381,106.149,106.135,106.211,106.754,106.727,106.524,106.740,105.893,105.305,105.187,105.464,106.732,105.338,105.361,105.281,104.712,105.069,104.300,104.302,105.080,105.922,105.366,105.547,105.463,105.748,105.160,104.548,105.425,106.109,106.150,105.971,106.723,106.591,106.630,106.978,107.254,108.001,108.648,107.421,107.032,107.440,108.711,108.123,107.719,108.168,108.555,108.535,108.449,108.709,109.835,110.502,111.027,111.031,111.018,111.568,111.522,110.931,111.360,110.945,111.016,110.800,111.141,111.080,111.379,111.306,110.883,110.758,110.281,111.147,111.834,111.857,111.121,110.643,110.126,110.420,110.302,110.794,110.587,109.884,110.680,110.614,110.379,111.568,112.060,112.436,112.793,112.966,113.891,113.843,113.802,113.835,113.938,113.348,114.434,114.071,113.808,114.364,114.277,114.079,113.154,113.110,112.817,111.285,112.139,112.316,112.168,111.527,111.450,111.547,111.793,111.583,111.657,111.424,111.422,111.240,110.284,110.053,109.555,109.223,108.659,107.962,107.250,107.266,106.808,106.484,105.984,106.177,105.877,105.650,105.072,104.327,104.319,103.976,103.655,103.284,102.761,102.605,102.338,102.616,101.630,101.488,101.643,100.506,100.607,101.342,102.063,101.004,101.732,102.906,101.922,100.865,101.316,100.730,100.964,100.952,100.613,100.404,101.222,100.320,101.060,100.198,99.815,98.987,99.232,99.657,99.919,99.819,99.366,99.179,99.815,99.541,99.394,99.343,98.242,98.528,97.693,97.158,96.299,96.347,95.744,95.762,95.781,94.434,95.808,96.276,97.593,96.453,96.160,95.415,95.895,96.175,94.839,94.667,94.410,93.752,93.380,93.385,93.417,93.252,92.676,93.375,92.938,91.397,91.385,92.127,91.456,92.620,93.395,94.172,93.589,93.861,95.124,94.517,94.417,93.833,94.835,95.358,94.236,94.585,94.145,94.737,95.208,95.190,95.486,96.903,95.917,96.434,97.446,97.419,97.521,97.588,97.908,98.007,98.300,98.207,97.848,97.559,97.388,96.836,97.546,96.890,95.587,96.143,96.684,96.253,97.953,97.564,96.678,98.292,98.500,98.496,98.185,96.632,97.692,98.602,98.132,97.692,97.846
8,"    Nondurable goods",69.112,69.124,69.068,69.307,69.389,69.381,69.456,69.521,69.546,69.674,69.512,69.665,70.054,70.214,70.645,71.093,71.156,70.869,70.930,70.808,71.065,71.355,71.594,71.829,71.904,71.963,71.764,71.875,71.655,71.445,71.421,71.616,71.801,71.799,71.682,71.587,71.443,71.168,70.738,70.764,71.073,71.090,71.238,71.348,71.200,71.367,71.277,71.480,71.768,71.540,71.545,72.701,72.613,72.650,73.031,73.347,73.927,74.003,73.904,74.386,74.551,75.092,76.053,75.746,75.613,76.306,76.500,76.108,76.849,76.656,76.776,76.763,76.934,77.062,76.809,77.065,77.644,77.666,77.050,76.756,77.610,76.708,75.994,75.412,75.593,75.822,76.292,77.180,76.873,76.934,77.062,77.273,77.299,77.482,77.512,77.457,78.246,79.075,79.014,78.109,77.154,77.421,77.898,78.701,79.307,78.817,78.865,79.243,79.799,80.069,80.275,80.143,80.910,81.359,81.234,81.183,81.385,82.446,83.022,82.646,82.154,82.604,82.948,83.399,82.977,82.963,84.020,85.216,87.783,87.112,85.411,85.238,86.132,85.846,86.053,86.990,87.284,87.525,88.372,88.970,87.478,86.117,85.825,86.764,86.816,87.274,88.214,88.629,89.348,89.457,89.694,89.485,90.134,90.519,92.046,92.447,92.887,93.212,93.584,93.996,94.886,96.935,98.043,97.490,97.821,95.564,90.917,88.739,89.043,89.909,89.815,90.217,90.581,92.681,92.550,93.328,93.564,93.734,94.267,94.304,94.680,94.471,94.467,94.398,94.122,93.838,94.152,94.381,94.697,95.473,95.971,96.850,97.498,98.084,99.268,100.345,100.893,100.492,100.725,101.140,101.576,101.526,101.877,101.579,102.128,102.678,103.138,103.224,102.362,101.748,101.612,102.719,103.759,104.260,103.426,102.917,103.085,104.158,103.176,102.466,102.181,102.560,102.724,103.076,102.741,102.694,102.757,103.121,103.535,103.528,103.431,103.832,103.961,104.151,104.125,103.818,103.613,103.223,102.406,101.280,99.097,99.498,99.972,99.709,100.410,100.694,100.766,100.475,99.333,99.185,99.144,98.538,97.953,97.216,97.740,98.295,98.290,98.740,98.152,98.246,98.706,99.141,99.040,99.345,100.045,99.999,100.003,99.912,99.179,99.070,99.093,99.646,100.885,100.532,100.810,100.825,101.502,101.793,101.505,102.014,102.195,102.186,102.004,101.985,102.374,102.589,101.912,101.166,100.624,101.018,101.714,102.329,102.295,101.718,102.029,101.870,101.713,101.970,102.203,102.691,102.505,102.233,101.067,100.087,99.789,100.732,101.060,101.269,101.081,100.872,101.046,101.809,102.597,103.142,103.897,104.336,104.603,105.135,105.744,106.193,106.809,107.979,109.278,110.090,110.618,112.301,115.094,115.161,116.596,119.003,118.318,117.377,116.993,117.954,118.272,117.408,118.102,118.506,118.279,118.752,118.480,118.585,118.542,119.878,120.190,119.846,119.148,119.024,118.596,119.363,119.583,120.130,119.951,119.633,119.776,119.653,119.220,119.218,119.230,119.746,120.458,120.617,119.757,119.653,119.775,120.199
9,"        Food and beverages purchased for off-premises consumption",64.176,64.476,64.454,64.941,64.899,64.937,65.002,65.097,65.251,65.428,65.376,65.489,65.666,65.915,66.217,66.476,66.463,66.859,67.120,67.356,67.515,67.837,67.936,67.947,67.855,68.104,67.951,68.010,68.074,68.152,68.223,68.377,68.412,68.454,68.514,68.486,68.767,68.637,68.740,68.815,68.901,68.943,69.040,69.240,69.168,69.488,69.589,69.568,69.838,69.878,69.790,69.938,70.064,70.069,70.147,70.252,70.458,70.513,70.710,70.811,70.875,71.077,71.274,71.314,71.669,71.706,72.080,72.312,72.325,72.354,72.407,72.811,72.869,73.310,73.432,73.497,73.621,73.912,74.141,74.373,74.357,74.681,74.638,74.517,74.840,75.045,75.157,75.400,74.930,74.855,74.959,74.948,75.090,75.039,75.236,75.253,75.306,75.630,75.815,75.836,75.958,76.429,76.343,76.779,76.954,77.240,77.543,77.970,77.779,77.864,78.129,78.288,78.937,79.094,79.164,79.198,79.015,79.487,79.777,79.713,79.520,79.344,79.596,80.380,80.302,80.181,80.335,80.308,80.515,80.600,80.910,80.991,81.273,81.130,81.271,81.122,81.163,81.427,81.568,81.762,81.993,82.229,82.202,82.026,82.626,83.281,83.795,83.987,84.347,84.793,85.000,85.326,85.602,85.941,86.297,86.377,87.011,87.450,87.570,88.714,89.017,89.595,90.621,91.106,91.684,92.068,92.267,92.228,92.166,91.882,91.629,91.248,90.927,91.007,90.621,90.636,90.375,90.472,90.520,90.670,90.787,90.877,91.123,91.227,91.250,91.164,91.207,91.254,91.490,91.531,91.698,91.810,92.437,93.028,93.832,94.172,94.604,94.804,95.173,95.726,96.253,96.363,96.288,96.482,96.881,96.810,97.009,97.064,96.983,97.154,97.166,97.200,97.163,97.414,97.567,97.780,97.911,97.976,98.067,98.175,97.926,98.148,98.234,98.288,98.233,98.299,98.144,98.285,98.429,98.709,99.156,99.458,100.012,100.019,100.256,100.525,100.712,100.740,100.967,101.206,101.183,101.262,100.984,100.761,100.752,101.013,101.188,101.348,101.426,101.575,101.265,100.935,100.984,101.107,100.648,100.676,100.239,100.006,99.871,99.790,99.698,99.702,99.502,99.343,99.541,99.720,99.992,100.074,100.032,99.841,100.011,100.075,100.133,100.251,100.135,100.194,100.479,100.316,100.359,100.466,100.197,100.269,100.407,100.496,100.706,100.611,100.826,101.076,101.314,101.679,101.753,101.238,101.461,101.397,101.348,101.360,101.537,101.681,101.782,101.790,102.187,102.572,102.995,105.228,106.039,106.469,105.566,105.561,105.347,105.522,105.479,105.735,105.814,105.960,106.121,106.406,106.771,107.466,108.049,108.497,109.559,110.384,111.201,111.681,112.646,114.062,115.548,116.643,118.052,119.296,120.783,121.724,122.420,123.023,123.614,124.083,124.674,124.952,124.823,124.839,125.057,125.039,125.305,125.580,125.811,126.065,125.901,125.960,126.550,126.711,126.659,126.445,126.527,126.612,126.819,126.900,127.346,127.554,127.882,128.199,128.608,128.593,129.173,128.814,129.039,129.377
10,"        Clothing and footwear",113.387,112.273,112.587,112.617,112.316,111.505,111.756,111.994,112.152,112.232,111.740,111.518,111.820,111.617,112.063,111.664,111.541,110.869,110.386,108.940,110.114,109.993,110.359,110.502,110.872,110.411,110.400,111.796,112.239,111.622,111.299,110.250,110.599,110.203,110.241,110.347,109.919,108.820,108.494,108.147,108.731,108.799,108.805,110.245,108.738,108.605,108.815,107.953,107.581,106.952,106.728,107.698,107.679,107.840,107.498,107.071,107.354,107.591,107.221,107.569,107.004,106.643,106.667,106.115,106.156,105.954,105.654,105.691,106.178,105.909,105.806,105.660,105.815,106.087,105.954,104.947,104.207,104.116,103.939,103.211,102.987,102.699,102.365,101.873,101.493,101.974,102.281,102.161,101.729,101.209,100.937,101.721,100.769,100.443,100.517,100.190,99.797,99.482,98.659,98.263,98.095,98.485,98.922,98.695,98.744,98.974,98.826,98.375,98.266,98.181,98.404,98.512,98.748,99.043,98.873,98.349,98.055,98.367,98.662,97.752,98.306,98.003,98.488,97.988,97.876,97.612,97.213,97.423,96.939,96.987,97.215,96.720,96.786,95.955,97.154,97.516,97.558,97.748,96.748,97.347,97.773,97.432,96.928,97.253,97.193,97.334,97.197,96.825,96.605,95.797,95.776,95.371,95.359,95.647,95.860,96.432,96.407,95.742,95.185,95.383,95.350,95.079,95.474,96.121,96.031,95.281,95.382,94.670,94.545,96.214,96.573,96.452,96.341,96.605,96.323,96.654,97.003,96.685,96.169,96.591,96.266,96.586,96.498,95.922,95.793,95.835,95.720,95.202,95.416,95.222,95.089,95.175,95.620,95.644,95.478,95.518,96.435,96.963,97.661,98.433,98.337,98.578,99.436,99.517,99.895,99.657,100.321,100.991,101.252,100.855,100.850,100.063,100.889,101.675,101.680,101.711,102.393,102.414,101.438,101.372,101.328,101.352,101.918,101.842,101.725,101.474,101.719,102.780,102.313,101.873,102.017,102.126,102.391,102.530,102.465,101.945,102.299,102.312,101.915,101.372,100.968,100.873,101.459,101.317,100.887,100.559,100.648,101.133,100.991,100.429,100.825,100.919,99.931,100.371,100.583,100.505,101.054,100.738,100.476,100.521,100.435,100.943,101.064,100.665,100.520,100.380,100.748,100.396,99.963,99.887,99.867,99.807,100.053,100.252,99.362,98.765,99.531,100.154,100.626,101.435,101.627,100.855,100.176,98.269,99.798,100.345,99.691,99.098,99.229,99.396,98.721,98.714,98.600,99.090,99.275,99.228,99.516,98.212,98.136,97.751,97.636,97.995,96.820,92.965,90.503,91.712,92.559,93.003,93.148,92.831,93.211,93.513,94.478,93.854,93.731,94.572,95.304,95.871,96.008,96.130,95.838,96.765,97.956,98.879,99.298,99.962,100.220,100.038,100.370,100.935,100.948,101.204,101.318,101.103,101.689,101.871,102.164,102.698,102.984,103.297,103.578,103.684,103.822,104.062,103.774,103.709,102.987,102.920,102.161,103.137,103.722,104.942,104.605,104.311,103.970,104.495,105.223,104.267,104.321,104.506,103.281,103.665,103.985,103.937,103.506,103.966
11,"        Gasoline and other energy goods",46.061,45.921,45.563,45.552,45.957,46.178,45.831,45.355,44.837,44.875,44.046,44.869,46.421,46.400,47.645,49.800,50.109,48.433,48.207,47.819,47.878,48.912,49.696,50.852,51.103,51.011,49.926,48.741,46.988,46.491,46.363,48.320,49.021,48.847,47.870,47.471,45.638,44.145,42.428,41.453,42.198,42.744,42.688,41.760,41.413,41.707,41.172,40.241,39.950,39.226,40.343,45.032,44.436,44.144,45.948,48.255,49.966,50.161,49.727,52.193,53.218,56.142,60.987,57.704,56.637,61.464,60.989,58.009,61.916,61.396,61.124,60.668,60.613,59.759,58.103,59.051,63.829,62.597,56.728,55.609,60.069,54.240,48.742,46.440,46.871,46.435,49.863,53.294,53.645,53.785,54.541,55.095,55.467,57.791,57.519,57.482,62.955,68.444,68.392,61.905,55.674,55.915,58.050,62.801,66.678,62.683,62.528,64.040,68.152,69.212,69.276,67.570,70.927,73.440,72.669,72.613,74.206,79.514,82.595,81.123,76.975,80.580,82.044,83.785,80.206,80.617,87.702,96.024,114.771,109.019,94.586,93.085,98.544,97.385,96.575,103.436,105.111,105.461,112.678,115.873,102.544,92.036,91.137,98.137,95.451,96.910,103.079,105.976,110.620,110.933,111.604,109.193,112.825,113.786,124.057,125.618,126.683,128.383,130.618,129.925,136.271,150.740,156.083,148.813,148.958,130.103,92.771,76.027,77.996,82.973,79.261,79.938,83.340,98.684,98.148,103.534,104.636,105.827,110.517,109.925,112.533,109.883,108.789,108.842,106.806,104.556,106.933,108.506,109.908,116.168,119.251,125.759,128.262,130.636,137.575,144.263,146.229,141.738,141.906,142.479,143.653,142.248,143.692,140.347,142.702,147.340,148.705,148.672,141.839,136.016,134.303,144.269,151.778,154.149,146.914,143.127,143.185,152.705,144.535,137.902,136.769,138.988,139.379,141.632,139.147,138.348,139.030,141.696,144.263,143.147,140.751,142.690,140.884,141.343,140.196,138.190,134.560,130.577,123.513,112.830,95.644,98.569,102.337,100.528,106.282,108.567,108.662,105.725,95.425,94.141,94.011,90.067,85.727,77.643,82.951,87.094,88.644,92.558,87.848,87.060,89.707,93.358,93.887,97.213,102.316,100.529,99.275,98.686,93.740,92.680,90.955,96.093,106.887,103.230,107.710,107.899,111.315,112.995,109.335,112.688,114.240,114.672,113.973,116.050,117.915,119.319,112.854,106.713,99.378,103.015,108.673,115.236,114.141,109.428,111.060,108.732,108.113,109.620,111.752,115.476,112.414,109.222,98.241,80.832,77.951,85.249,89.516,91.096,91.661,90.389,91.031,98.546,103.073,110.320,118.190,117.106,118.165,121.271,123.926,126.854,128.086,133.575,141.374,145.324,143.680,151.039,173.390,168.623,176.942,193.594,178.026,160.856,153.597,160.156,159.979,147.586,148.999,149.790,144.655,148.156,141.673,142.472,142.235,153.882,156.730,150.085,144.586,143.561,138.861,143.603,145.671,149.306,144.216,139.166,139.266,138.385,132.882,131.521,131.718,136.628,139.364,138.288,130.138,129.764,126.899,128.089
12,"        Other nondurable goods",68.079,68.231,68.162,68.294,68.496,68.612,68.860,69.116,69.215,69.346,69.536,69.513,69.558,69.836,69.967,70.038,70.134,69.904,70.078,70.174,70.289,70.305,70.370,70.428,70.500,70.603,70.744,71.101,71.097,70.851,70.882,70.684,70.716,70.899,70.958,70.871,71.208,71.699,71.277,71.901,72.126,71.829,72.187,72.212,72.587,72.629,72.433,73.834,74.665,74.535,74.183,74.784,74.677,74.864,75.151,75.014,75.579,75.560,75.398,75.425,75.564,75.723,76.128,76.877,76.581,76.463,76.953,76.893,77.100,76.852,77.302,77.092,77.489,77.663,77.583,78.211,77.945,78.257,78.850,78.523,79.143,78.845,79.341,78.976,79.104,79.539,79.176,80.032,79.659,80.042,80.077,80.162,80.284,80.002,79.974,79.942,79.994,79.866,79.840,80.070,79.869,79.896,80.293,80.273,80.198,80.074,80.022,80.210,80.337,80.614,80.809,80.916,80.982,80.966,80.917,80.959,81.184,81.479,81.478,81.399,81.620,81.755,81.712,81.709,82.028,82.047,82.282,82.374,82.503,82.717,82.953,83.160,83.318,83.411,83.675,83.787,83.936,84.146,84.100,84.164,84.479,84.429,84.158,84.273,84.786,84.814,84.735,84.792,84.845,84.901,85.114,85.218,85.445,85.706,85.855,86.106,86.328,86.450,86.768,86.925,86.894,87.127,87.236,87.445,87.708,87.832,87.965,88.151,88.443,88.732,89.891,91.128,91.276,91.423,91.746,91.843,92.231,92.301,92.262,92.275,92.404,92.545,92.695,92.606,92.585,92.658,92.694,92.925,92.991,92.981,93.174,93.209,93.342,93.555,93.733,94.086,94.157,94.155,94.108,94.211,94.522,94.652,94.864,94.940,95.115,95.244,95.585,95.517,95.397,95.628,95.797,95.802,95.887,95.942,95.891,95.523,95.571,95.329,95.583,95.752,95.613,95.686,95.703,95.892,95.895,96.058,96.064,95.659,95.977,96.211,96.234,96.359,96.643,96.941,97.034,96.799,97.066,97.235,97.239,97.609,97.479,97.578,97.672,97.808,97.995,97.902,97.866,97.701,97.941,98.024,98.087,98.003,98.160,98.490,98.531,98.679,98.383,98.677,98.826,99.375,99.877,99.689,99.406,99.474,99.624,99.932,99.936,99.933,99.733,99.980,100.415,100.255,100.087,100.085,99.930,100.091,100.292,100.484,100.596,100.530,100.727,100.784,100.622,100.579,100.276,100.313,100.435,100.241,100.675,100.215,100.554,100.762,100.842,100.585,100.933,101.211,100.763,101.411,101.415,101.833,101.887,101.735,101.685,101.817,101.749,101.914,102.330,102.352,101.903,101.623,101.801,101.691,102.201,101.993,101.988,102.731,102.536,102.287,102.602,102.577,102.980,103.510,103.729,104.064,104.781,105.759,105.968,106.389,106.667,107.465,108.091,108.854,108.965,109.364,109.463,109.747,110.505,110.878,111.531,111.734,112.292,112.333,112.005,112.254,112.271,112.766,112.720,112.624,112.427,112.731,112.635,112.873,113.632,114.027,114.296,113.948,113.521,113.971,113.674,113.510,114.689,115.182,114.338,114.479,115.350,115.663
13,Services,56.853,57.010,57.171,57.329,57.480,57.593,57.692,57.858,57.936,58.136,58.212,58.318,58.393,58.501,58.634,58.815,59.009,59.110,59.290,59.421,59.610,59.808,59.937,60.034,60.139,60.305,60.465,60.618,60.676,60.889,60.980,61.031,61.219,61.347,61.445,61.482,61.599,61.674,61.834,61.938,62.071,62.034,62.220,62.364,62.390,62.572,62.637,62.726,62.791,62.857,62.979,63.079,63.205,63.258,63.412,63.517,63.715,63.886,64.037,64.167,64.396,64.588,64.703,64.732,64.856,65.032,65.253,65.424,65.618,65.843,65.949,66.124,66.583,66.752,66.884,67.008,67.159,67.333,67.477,67.620,67.127,67.710,67.884,67.973,68.050,68.244,68.407,68.590,68.759,68.914,69.131,69.305,69.503,69.668,69.819,69.998,70.167,70.414,70.744,70.877,71.137,71.232,71.429,71.620,71.818,72.036,72.200,72.358,72.602,72.749,72.861,73.105,73.257,73.450,73.643,73.795,73.953,74.079,74.334,74.504,74.829,75.031,75.283,75.477,75.642,75.773,75.996,76.152,76.480,76.888,77.181,77.247,77.558,77.753,77.966,78.228,78.479,78.756,78.905,79.103,79.324,79.470,79.640,79.819,80.236,80.475,80.671,80.867,81.017,81.246,81.409,81.626,81.924,82.182,82.395,82.606,82.777,82.950,83.200,83.366,83.671,83.977,84.229,84.323,84.369,84.215,84.159,84.159,84.094,84.058,83.988,84.040,84.078,84.198,84.313,84.500,84.597,84.979,85.126,85.218,85.398,85.502,85.701,85.840,85.997,86.072,86.145,86.241,86.288,86.484,86.597,86.663,86.832,87.001,87.197,87.396,87.618,87.694,87.854,88.055,88.171,88.185,88.366,88.541,88.816,88.967,89.118,89.303,89.414,89.570,89.678,89.827,89.960,90.224,90.379,90.518,90.728,90.904,91.068,91.183,91.383,91.580,91.734,91.880,92.050,92.265,92.473,92.658,92.856,92.969,93.265,93.403,93.648,93.762,93.971,94.066,94.198,94.289,94.473,94.643,94.676,94.770,94.907,95.086,95.223,95.434,95.584,95.734,95.868,95.955,96.103,96.204,96.446,96.614,96.832,97.074,97.357,97.561,97.816,98.023,98.168,98.363,98.552,98.747,99.015,99.231,99.209,99.534,99.727,99.925,100.026,100.222,100.441,100.695,100.867,101.109,101.400,101.676,101.945,102.114,102.345,102.539,102.740,102.893,103.118,103.303,103.549,103.887,103.917,104.083,104.268,104.559,104.688,104.890,105.109,105.260,105.400,105.599,105.732,106.076,106.295,106.494,106.498,106.296,106.552,106.779,107.062,107.306,107.598,107.730,107.827,108.229,108.571,108.975,109.521,109.984,110.405,110.839,111.375,111.739,112.010,112.428,113.041,113.651,114.076,114.536,115.174,115.703,116.227,116.971,117.298,118.025,118.623,119.164,119.677,120.279,120.915,121.382,121.707,122.182,122.502,122.985,123.383,123.584,124.120,124.332,124.649,125.060,125.930,126.225,126.771,127.128,127.326,127.646,127.972,128.291,128.682,129.168,129.380,129.875,130.293,130.965,131.283,131.516,131.792,132.096
14,"    Household consumption expenditures (for services)",56.341,56.464,56.611,56.797,56.942,57.060,57.157,57.314,57.410,57.613,57.691,57.801,57.868,57.999,58.110,58.280,58.473,58.593,58.757,58.895,59.083,59.281,59.401,59.494,59.599,59.738,59.918,60.072,60.131,60.349,60.396,60.467,60.653,60.736,60.836,60.876,60.966,61.031,61.191,61.271,61.395,61.357,61.539,61.673,61.701,61.887,61.957,62.050,62.113,62.179,62.299,62.379,62.506,62.552,62.696,62.789,62.968,63.122,63.285,63.406,63.656,63.837,63.928,63.935,64.051,64.201,64.459,64.628,64.804,65.034,65.117,65.282,65.718,65.893,66.028,66.154,66.286,66.450,66.594,66.747,66.252,66.863,67.043,67.138,67.209,67.382,67.546,67.729,67.907,68.059,68.303,68.495,68.708,68.877,69.049,69.247,69.427,69.693,70.035,70.212,70.513,70.616,70.826,71.014,71.204,71.441,71.600,71.749,72.036,72.194,72.310,72.534,72.690,72.901,73.118,73.293,73.449,73.575,73.826,73.977,74.281,74.506,74.726,74.938,75.108,75.264,75.481,75.635,75.976,76.393,76.695,76.742,77.055,77.251,77.475,77.729,78.010,78.287,78.438,78.639,78.870,79.030,79.212,79.388,79.796,80.036,80.234,80.443,80.604,80.826,80.983,81.188,81.494,81.815,82.041,82.251,82.417,82.600,82.825,83.022,83.305,83.617,83.875,83.976,84.005,83.909,83.852,83.844,83.830,83.793,83.756,83.790,83.855,83.982,84.088,84.313,84.387,84.822,84.992,85.091,85.270,85.381,85.598,85.756,85.919,86.013,86.065,86.175,86.222,86.420,86.533,86.566,86.735,86.914,87.121,87.332,87.539,87.644,87.789,88.014,88.146,88.153,88.325,88.548,88.786,88.966,89.113,89.298,89.441,89.590,89.715,89.874,90.008,90.247,90.394,90.571,90.788,90.996,91.160,91.219,91.440,91.635,91.791,91.948,92.126,92.379,92.588,92.766,92.960,93.073,93.376,93.509,93.766,93.885,94.091,94.193,94.324,94.323,94.518,94.704,94.722,94.811,94.945,95.145,95.244,95.448,95.625,95.754,95.897,95.948,96.135,96.234,96.473,96.608,96.835,97.057,97.368,97.572,97.835,98.024,98.180,98.358,98.542,98.727,99.000,99.180,99.190,99.484,99.712,99.938,100.019,100.213,100.427,100.756,100.913,101.169,101.434,101.736,102.005,102.195,102.408,102.594,102.819,102.953,103.183,103.364,103.593,103.942,103.939,104.134,104.312,104.629,104.758,104.918,105.145,105.287,105.427,105.635,105.799,106.117,106.377,106.544,106.575,106.354,106.659,106.909,107.200,107.427,107.720,107.890,107.982,108.282,108.607,109.055,109.576,109.967,110.372,110.779,111.315,111.587,111.822,112.219,112.770,113.308,113.795,114.249,114.870,115.315,115.861,116.636,116.941,117.600,118.192,118.732,119.171,119.748,120.330,120.848,121.147,121.638,121.926,122.362,122.779,122.969,123.412,123.662,123.996,124.428,125.324,125.583,126.102,126.476,126.607,126.908,127.220,127.529,127.914,128.405,128.609,129.099,129.492,130.211,130.551,130.771,131.002,131.358
15,"        Housing and utilities",54.168,54.287,54.400,54.519,54.647,54.782,54.897,55.086,55.101,55.323,55.457,55.628,55.761,55.895,56.044,56.197,56.352,56.380,56.551,56.702,56.788,56.891,57.025,57.174,57.400,57.537,57.579,57.682,57.736,57.912,58.063,58.165,58.346,58.459,58.689,58.659,58.738,58.758,58.926,59.074,59.227,59.351,59.472,59.588,59.674,59.819,59.950,60.058,60.161,60.265,60.373,60.480,60.583,60.675,60.811,60.958,61.148,61.260,61.449,61.512,61.801,62.033,62.181,62.330,62.478,62.809,63.055,63.193,63.497,63.792,63.917,64.253,64.974,65.116,65.259,65.403,65.693,65.926,66.007,66.135,66.206,66.289,66.522,66.705,66.842,66.997,67.213,67.385,67.515,67.625,67.784,67.900,68.102,68.297,68.464,68.660,68.856,69.095,69.593,69.639,69.746,69.778,69.917,70.057,70.273,70.373,70.468,70.579,70.778,71.010,71.084,71.318,71.516,71.811,72.000,72.235,72.311,72.377,72.684,72.826,72.979,73.219,73.376,73.652,73.876,73.973,74.239,74.492,75.025,75.611,75.989,75.949,76.453,76.550,76.641,76.796,77.054,77.323,77.575,77.868,78.206,78.197,78.511,78.817,79.077,79.354,79.660,79.791,79.915,80.149,80.227,80.351,80.592,80.849,81.118,81.338,81.469,81.721,82.036,82.455,82.796,83.217,83.686,83.783,83.685,83.737,83.806,83.869,83.980,83.997,84.014,83.964,83.916,83.952,83.903,83.956,83.892,83.955,84.005,83.962,83.965,83.946,84.030,84.046,84.074,84.091,84.183,84.210,84.227,84.266,84.310,84.452,84.525,84.706,84.843,84.977,85.127,85.218,85.425,85.606,85.774,85.892,85.970,86.078,86.172,86.231,86.366,86.541,86.598,86.719,86.814,87.057,87.240,87.450,87.666,87.807,87.975,88.173,88.292,88.555,88.829,88.979,89.089,89.250,89.453,89.636,89.828,90.057,90.410,90.653,91.164,91.141,91.436,91.614,91.848,91.953,92.116,92.286,92.467,92.734,92.939,93.163,93.284,93.462,93.586,93.908,94.094,94.312,94.533,94.697,94.852,94.982,95.188,95.384,95.612,95.876,96.206,96.470,96.805,97.101,97.475,97.746,98.020,98.266,98.542,98.840,99.024,99.313,99.599,99.889,100.131,100.422,100.652,100.905,101.171,101.512,101.712,102.017,102.265,102.518,102.772,102.940,103.181,103.499,103.599,103.914,104.255,104.696,104.794,105.020,105.382,105.682,105.877,106.167,106.423,106.642,106.919,107.146,107.390,107.630,107.967,108.206,108.465,108.660,108.874,108.992,109.191,109.329,109.541,109.763,109.890,110.068,110.177,110.537,110.851,111.215,111.568,111.913,112.280,112.683,113.213,113.919,114.356,114.767,115.536,116.061,116.753,117.479,118.450,119.558,120.297,121.287,122.245,122.830,123.406,124.362,125.370,125.972,126.313,126.823,127.296,127.870,128.444,128.961,129.563,130.102,130.781,131.303,132.108,132.729,133.328,133.737,134.215,134.528,135.004,135.451,135.946,136.514,136.834,137.293,137.742,138.296,138.955,139.590,139.986,140.469
16,"        Health care",59.281,59.356,59.518,59.652,59.735,59.894,59.894,60.097,60.207,60.398,60.525,60.666,60.708,60.821,60.911,61.028,61.143,61.355,61.376,61.491,61.636,61.757,61.916,62.010,62.007,62.107,62.305,62.421,62.512,62.643,62.665,62.744,62.865,62.752,62.849,63.028,63.095,63.193,63.388,63.499,63.645,63.739,63.805,63.872,64.039,64.121,64.263,64.401,64.525,64.672,64.757,64.818,64.956,65.067,65.204,65.286,65.419,65.556,65.692,65.899,66.143,66.270,66.326,66.449,66.592,66.663,67.165,67.327,67.498,67.670,67.808,67.956,68.273,68.511,68.659,68.903,68.987,69.211,69.279,69.482,69.700,69.795,69.946,70.090,70.029,70.125,70.291,70.465,70.648,70.747,71.097,71.328,71.560,71.675,71.941,72.275,72.392,72.539,72.812,73.048,73.536,73.678,73.952,74.114,74.200,74.609,74.789,74.878,75.423,75.654,75.844,76.066,76.256,76.404,76.570,76.731,76.860,77.014,77.165,77.341,77.729,78.097,78.238,78.425,78.587,78.748,78.887,79.033,79.299,79.643,79.859,79.944,80.089,80.295,80.524,80.728,80.963,81.206,81.455,81.687,81.849,81.994,82.114,82.334,83.232,83.505,83.633,83.745,83.861,84.061,84.198,84.411,84.671,85.181,85.229,85.604,85.666,85.840,85.971,86.163,86.301,86.420,86.670,86.812,86.883,87.132,87.308,87.476,87.856,88.016,88.187,88.315,88.580,88.756,88.875,89.215,89.231,89.765,89.974,90.136,90.311,90.486,90.685,90.871,90.932,91.142,91.213,91.382,91.534,91.671,91.769,91.832,91.854,92.132,92.323,92.502,92.681,92.829,92.924,93.070,93.248,93.251,93.369,93.634,93.710,93.871,93.975,94.154,94.335,94.432,94.663,94.786,94.879,94.898,94.910,95.200,95.399,95.599,95.768,95.324,95.475,95.680,95.796,95.729,95.951,96.170,96.287,96.341,96.407,96.504,96.615,96.655,96.795,96.955,96.982,97.124,97.236,96.913,97.125,97.222,96.890,97.029,97.088,97.272,97.296,97.369,97.497,97.649,97.747,97.643,97.757,97.893,97.840,98.010,98.043,98.148,98.378,98.408,98.646,98.803,98.916,99.031,99.163,99.288,99.328,99.380,99.567,99.673,99.772,99.926,99.949,100.017,100.226,100.664,100.675,100.821,100.934,101.097,101.376,101.623,101.714,101.847,101.981,101.972,102.126,102.344,102.609,102.758,102.762,102.950,103.042,103.327,103.406,103.522,103.690,103.881,104.021,104.442,104.557,104.654,104.812,105.024,105.204,105.618,106.181,106.389,106.647,106.944,107.067,107.188,107.298,107.384,108.271,108.935,109.118,109.154,109.282,109.197,109.410,109.552,109.790,109.761,109.970,110.307,110.983,111.169,111.262,111.093,111.419,112.082,112.245,112.489,112.625,112.884,112.930,113.109,113.146,113.446,113.787,114.199,114.527,114.538,114.947,114.975,114.994,115.527,115.726,115.954,116.672,116.861,117.042,117.122,117.456,117.656,117.641,117.793,118.155,118.457,118.593,118.875,118.903,119.338,119.630,119.948,120.081,120.516
17,"        Transportation services",63.421,63.944,64.615,64.744,65.261,65.606,65.654,65.886,65.869,66.313,65.920,65.282,64.565,64.811,65.376,65.462,65.614,65.589,65.643,65.760,66.824,67.466,66.803,66.458,66.366,66.539,67.158,67.583,67.005,67.232,67.248,67.125,68.105,68.938,68.104,67.552,68.184,68.408,68.627,68.472,68.231,68.193,68.597,68.843,68.895,69.004,68.842,68.467,68.540,68.660,69.464,69.005,69.608,69.642,69.598,69.549,69.681,70.011,70.177,69.948,70.178,70.611,70.966,71.179,71.319,71.435,71.282,72.205,72.306,72.966,72.622,72.433,72.510,72.475,72.520,72.516,72.141,72.052,71.939,72.074,71.358,71.454,71.764,71.557,71.274,71.454,71.571,72.027,72.184,72.150,71.705,71.771,72.238,72.387,71.988,72.249,72.362,72.499,72.953,72.857,73.190,73.405,73.810,73.823,73.834,74.042,74.054,74.482,74.240,74.245,74.162,73.981,73.748,73.936,74.515,74.522,74.289,74.590,75.227,75.080,75.354,75.549,76.347,76.383,76.447,76.754,76.991,77.022,78.105,78.252,79.490,78.926,79.264,79.830,79.939,80.090,80.399,80.733,80.856,80.852,80.652,80.696,81.114,80.328,80.804,81.245,81.387,81.390,81.258,81.805,82.268,82.578,82.452,83.166,83.804,83.650,84.154,84.381,85.163,85.277,86.547,87.261,87.277,87.363,88.360,88.605,88.377,88.508,88.884,88.525,88.249,88.490,87.897,87.552,88.227,89.070,89.375,89.529,90.057,90.335,90.282,90.390,90.567,90.684,90.961,91.076,91.236,90.907,90.503,90.911,91.440,91.664,92.235,92.740,93.553,93.276,93.864,93.460,93.395,93.794,94.323,94.628,94.690,94.771,95.083,95.457,95.449,95.656,95.789,95.754,95.308,95.392,95.447,95.736,95.729,95.884,96.146,96.219,96.204,95.651,95.737,96.039,96.608,96.668,96.983,97.254,96.578,98.047,97.008,96.667,97.356,97.660,97.823,97.698,97.872,97.951,98.000,98.004,98.451,98.729,98.278,97.918,97.870,97.985,98.136,97.921,98.226,97.850,98.003,97.992,97.977,97.575,98.273,98.510,98.800,98.817,98.659,99.144,99.653,99.194,98.073,97.992,98.744,99.755,99.849,100.228,98.713,99.802,99.816,100.290,99.719,99.688,100.172,100.564,100.905,100.253,100.086,101.147,101.563,101.429,101.443,101.678,101.939,102.134,102.977,102.872,103.883,103.898,104.149,103.392,103.260,103.849,104.203,103.659,103.892,104.070,104.215,104.527,104.233,106.277,105.207,104.995,103.377,101.422,101.766,102.593,101.680,101.151,102.552,102.892,103.807,103.097,102.712,103.114,104.885,106.824,107.282,109.069,110.739,109.954,107.353,107.839,110.441,111.898,110.116,111.480,116.428,118.468,118.968,121.315,120.393,121.663,123.336,124.238,123.547,125.378,126.564,127.310,128.145,127.008,127.149,126.913,128.262,128.149,129.127,129.399,130.592,130.114,130.063,130.507,132.406,131.512,130.989,130.385,130.644,131.085,132.486,133.366,133.479,135.898,136.019,135.738,134.935,136.003,136.038,135.935
18,"        Recreation services",56.299,56.365,56.538,56.768,56.985,56.762,56.911,57.110,57.405,57.526,57.625,57.767,57.838,58.164,58.300,58.460,58.683,58.795,59.024,59.130,59.354,59.635,59.619,59.847,60.062,60.174,60.296,60.526,60.677,60.845,60.952,61.094,61.213,61.345,61.170,61.350,61.477,61.740,61.989,62.046,62.073,62.197,62.216,62.453,62.726,62.749,62.967,63.132,63.375,63.482,63.551,63.866,64.050,64.256,64.410,64.568,64.686,64.908,65.144,65.491,65.658,65.831,66.174,66.099,66.263,66.692,67.018,67.229,67.540,67.577,67.728,67.836,68.083,68.271,68.345,68.771,68.963,68.894,68.991,69.150,69.443,69.470,69.750,69.765,69.895,70.020,70.306,70.673,70.764,70.908,71.140,71.253,71.345,71.645,71.763,72.035,72.231,72.603,72.726,72.644,72.980,73.078,73.238,73.407,73.623,73.662,73.736,73.959,74.251,74.362,74.493,74.664,74.810,75.057,75.162,75.280,75.479,75.638,75.847,75.963,76.186,76.273,76.415,76.577,76.767,76.767,77.015,77.386,77.994,78.301,78.269,78.420,78.660,78.804,79.111,79.228,79.568,79.880,80.123,80.272,80.297,80.339,80.568,80.795,81.029,81.153,81.348,81.725,82.021,82.007,81.988,81.908,82.302,82.646,83.065,83.167,83.534,83.640,83.913,84.091,84.399,84.649,84.953,85.313,85.433,85.264,84.920,84.702,84.877,85.226,85.271,84.745,84.906,85.583,85.684,86.028,86.047,85.943,86.122,85.890,85.943,85.865,85.730,86.157,86.367,86.625,86.759,86.819,86.535,86.632,86.803,86.764,86.994,87.176,87.320,87.467,87.918,87.900,87.826,88.107,88.226,88.274,88.508,88.987,89.644,89.440,89.725,89.795,89.837,90.309,90.374,90.646,90.855,90.988,91.049,91.154,91.274,91.543,91.355,91.207,91.463,91.624,91.754,92.038,92.299,92.363,92.651,92.700,93.054,93.153,93.190,93.422,93.499,93.663,93.887,93.667,93.648,93.790,93.669,93.731,93.974,94.117,94.341,94.591,94.942,95.319,95.466,95.467,95.315,95.579,95.548,95.655,95.868,96.131,96.551,96.966,97.191,97.710,97.701,97.696,97.900,97.895,97.962,98.074,98.729,99.372,99.400,99.555,99.604,99.683,100.151,100.512,100.610,100.611,100.776,100.997,101.239,101.594,101.493,101.387,101.750,102.256,102.395,102.374,102.611,102.564,102.819,103.244,103.347,103.170,103.802,104.281,103.783,103.773,104.053,104.325,104.136,104.780,105.339,105.666,105.893,105.651,105.994,105.943,106.646,106.335,105.747,106.242,106.636,107.002,107.424,107.365,106.842,107.376,107.933,108.735,109.036,109.523,110.008,110.339,110.691,111.753,111.738,112.029,112.710,113.529,113.949,114.035,114.664,115.361,115.982,115.845,115.932,116.684,117.935,118.500,119.305,120.373,120.325,120.669,120.375,120.945,121.798,121.947,122.701,122.947,123.219,124.298,124.750,125.398,125.139,125.528,125.088,124.995,125.995,125.949,126.047,126.774,127.218,127.563,128.997,130.269,130.732,129.802,129.468,129.561
19,"        Food services and accommodations",54.544,54.658,54.876,55.077,55.232,55.325,55.437,55.503,55.683,55.793,55.828,55.845,55.963,56.058,56.227,56.439,56.640,56.711,56.907,57.023,57.140,57.371,57.547,57.673,57.787,57.902,58.057,58.210,58.228,58.413,58.511,58.596,58.773,58.953,59.096,59.385,59.394,59.466,59.540,59.712,59.904,59.921,59.994,60.122,60.460,60.574,60.744,60.905,60.928,60.970,61.124,61.349,61.422,61.460,61.674,61.807,62.016,62.069,62.189,62.354,62.562,62.655,62.875,62.929,63.073,63.256,63.466,63.581,63.737,63.883,64.036,64.003,64.275,64.428,64.682,64.758,64.924,65.190,65.295,65.549,65.459,65.518,65.768,65.901,66.043,66.295,66.272,66.377,66.501,66.633,66.695,66.937,67.051,67.114,67.333,67.403,67.431,67.565,67.560,67.542,67.947,68.036,68.224,68.331,68.409,68.677,68.837,69.077,69.238,69.292,69.643,69.918,70.167,70.276,70.594,70.721,71.055,71.219,71.287,71.416,71.644,71.915,72.394,72.403,72.391,72.573,72.738,72.847,72.683,73.244,73.486,73.656,73.904,74.175,74.480,74.635,74.929,75.087,75.276,75.464,75.532,75.782,75.982,76.211,76.580,76.911,76.944,77.289,77.599,77.960,78.316,78.561,78.810,78.984,79.165,79.341,79.703,79.935,80.310,80.252,80.546,80.874,81.292,81.506,81.801,82.052,82.255,82.402,82.613,82.690,82.699,82.871,82.775,82.717,82.625,82.783,82.950,83.271,83.289,83.389,83.460,83.452,83.539,83.709,83.885,84.001,83.992,84.187,84.398,84.482,84.556,84.751,84.958,84.967,85.210,85.494,85.663,86.161,86.582,86.760,86.835,86.910,87.179,87.400,87.500,87.822,87.924,88.157,88.467,88.839,88.797,88.953,89.142,89.269,89.306,89.399,89.604,89.747,89.859,90.175,90.426,90.580,90.910,90.865,90.810,90.603,91.137,91.229,91.344,91.571,91.964,92.255,92.726,92.687,93.061,93.274,93.539,93.796,94.119,94.359,94.568,94.683,94.915,95.126,95.100,94.965,95.387,95.412,96.036,96.298,96.557,96.552,96.983,97.166,97.241,97.293,97.599,97.919,97.917,98.242,98.469,98.816,98.788,98.954,99.246,99.457,99.301,99.665,99.874,99.739,99.286,100.149,100.518,100.921,100.773,101.072,101.163,101.398,101.759,101.858,102.627,102.303,102.335,102.618,102.672,102.814,102.834,103.401,103.837,104.353,104.497,104.872,105.121,105.253,105.499,105.406,105.895,105.765,105.788,105.873,106.449,107.142,106.228,105.778,106.214,106.776,107.193,107.551,108.049,108.113,108.585,108.909,109.243,109.387,109.817,110.767,111.352,112.677,114.194,114.500,115.058,115.994,116.919,117.841,118.079,118.866,119.314,120.164,121.075,121.459,121.922,122.794,123.334,124.952,125.391,125.963,126.841,127.636,128.465,128.647,129.358,129.561,129.810,129.731,130.674,130.730,131.101,131.503,132.358,132.388,132.708,133.076,133.389,133.508,133.774,134.352,134.352,134.805,135.643,135.786,136.323,136.815,136.594,137.068,137.414,137.413
20,"        Financial services and insurance",53.289,53.447,53.486,53.739,53.774,53.878,54.094,54.201,54.432,54.751,54.816,55.008,55.177,55.261,54.936,55.458,55.741,55.945,56.339,56.463,56.657,56.888,57.194,57.204,57.302,57.637,58.004,58.161,58.276,58.800,58.615,58.757,58.959,58.938,59.239,59.191,59.160,59.097,59.108,58.862,58.876,57.993,58.711,58.939,58.099,58.684,58.353,58.384,58.151,57.920,57.889,57.985,57.990,57.782,58.008,57.977,58.246,58.510,58.591,58.705,59.002,59.316,59.179,58.588,58.501,58.468,58.633,58.681,58.890,58.977,58.941,58.930,59.500,59.665,59.641,59.560,59.549,59.555,59.747,59.736,55.570,59.345,59.353,59.236,59.234,59.531,59.706,59.897,60.145,60.430,60.776,60.972,61.287,61.633,61.888,61.951,62.141,62.672,63.143,63.765,64.243,64.494,64.757,65.101,65.446,65.800,66.080,66.145,66.419,66.336,66.290,66.783,66.999,67.219,67.422,67.514,67.723,67.813,67.987,68.086,68.614,68.765,68.921,69.200,69.312,69.568,69.886,70.017,70.230,70.704,70.860,70.871,71.142,71.254,71.662,72.343,72.835,73.205,72.760,72.835,73.236,73.725,73.697,73.864,74.152,74.138,74.222,74.596,74.772,74.985,75.160,75.416,76.119,76.300,76.583,76.549,76.451,76.354,76.097,75.607,75.529,75.781,75.540,75.285,74.906,73.297,72.219,71.528,70.121,69.437,68.785,68.841,69.051,69.331,69.663,69.894,70.078,71.611,71.970,72.260,73.091,73.558,74.214,74.469,75.078,75.034,74.807,75.065,74.990,75.864,76.005,75.623,76.161,76.155,76.476,77.043,77.161,77.160,77.285,77.458,77.366,76.877,77.284,77.687,78.415,78.915,79.077,79.357,79.444,79.480,79.925,80.093,80.190,80.996,81.279,81.433,81.684,82.043,82.329,83.094,83.407,83.738,83.965,84.578,84.784,85.613,86.055,86.228,86.788,86.794,87.150,87.541,88.178,88.385,88.835,88.868,89.119,89.021,89.499,89.746,89.735,89.705,90.073,90.509,90.798,91.216,91.441,91.638,91.514,91.242,91.803,92.152,92.914,92.906,93.505,94.152,94.831,95.215,95.739,96.078,96.232,96.651,96.919,97.112,97.729,97.781,98.037,98.858,99.572,100.184,100.350,100.671,100.783,101.419,101.915,102.701,103.334,103.628,104.338,104.601,104.870,105.228,105.658,105.854,106.328,106.671,106.650,107.135,106.195,106.805,107.132,107.931,108.123,108.156,108.559,108.664,108.689,108.321,108.353,108.765,109.124,109.172,109.645,107.397,107.415,108.204,109.310,109.604,110.005,110.273,109.751,111.378,111.654,112.382,114.397,114.580,115.535,116.112,116.721,117.223,117.696,117.625,118.875,119.497,120.488,120.264,120.734,121.146,121.478,121.763,121.338,122.660,123.384,123.415,124.251,124.601,124.903,125.203,125.039,126.112,125.874,127.462,127.732,128.007,128.407,127.859,127.700,128.675,130.819,131.081,131.628,132.981,132.911,133.441,134.451,135.053,135.237,136.277,136.645,137.520,138.323,140.548,140.926,139.925,139.657,140.192
21,"        Other services",56.770,56.829,56.861,57.217,57.427,57.541,57.631,57.694,57.716,57.803,57.883,58.080,58.206,58.297,58.515,58.483,58.813,59.022,59.187,59.385,59.558,59.829,60.015,60.148,60.174,60.222,60.373,60.556,60.783,60.998,61.006,60.959,60.948,60.978,61.071,61.109,61.197,61.268,61.486,61.707,61.971,62.047,62.106,62.211,62.372,62.591,62.751,62.910,63.024,63.148,63.211,63.261,63.360,63.399,63.509,63.623,63.773,63.905,64.131,64.257,64.446,64.420,64.356,64.420,64.584,64.520,64.696,64.776,64.637,64.932,65.058,65.369,65.581,65.836,66.070,66.140,66.302,66.505,67.003,67.226,67.415,67.730,67.868,68.021,68.288,68.459,68.600,68.684,68.968,69.256,69.796,70.125,70.257,70.314,70.463,70.604,70.970,71.329,71.626,71.905,72.039,72.052,72.223,72.537,72.835,73.033,73.266,73.473,73.812,74.072,74.196,74.283,74.321,74.512,74.723,74.997,75.311,75.445,75.824,76.147,76.509,76.567,76.736,77.024,77.322,77.484,77.647,77.599,77.760,77.906,78.180,78.481,78.778,79.076,79.340,79.634,79.792,80.101,80.398,80.574,80.897,81.142,81.232,81.354,81.435,81.694,82.039,82.311,82.545,82.667,82.828,83.196,83.479,83.704,83.880,84.234,84.553,84.861,85.204,85.840,86.243,86.575,86.835,87.039,87.102,87.288,87.580,87.738,87.784,87.800,87.911,88.017,88.109,88.231,88.388,88.569,88.826,89.229,89.389,89.590,89.728,89.831,90.214,90.429,90.560,90.659,90.835,90.976,91.210,91.250,91.383,91.382,91.466,91.663,91.730,91.946,92.215,92.313,92.383,92.861,92.977,93.079,93.258,93.406,93.653,93.807,94.065,94.196,94.443,94.613,94.629,94.625,94.707,94.967,95.267,95.440,95.815,95.970,96.387,96.321,96.461,96.605,96.589,96.831,96.934,97.279,97.500,97.446,97.589,97.630,97.669,97.842,97.789,97.802,97.914,98.079,98.046,98.112,97.964,98.066,98.305,98.227,98.238,98.271,98.229,98.565,98.532,98.689,98.762,98.942,99.094,99.069,99.122,99.044,99.301,99.373,99.676,99.567,99.726,99.830,100.018,99.943,99.964,99.867,100.139,100.114,99.878,99.760,99.844,99.982,100.249,99.831,99.944,99.995,100.068,100.197,100.883,101.195,101.122,101.344,101.217,101.627,101.995,101.909,102.244,102.178,102.202,102.546,102.670,102.727,102.497,102.252,102.414,102.889,102.976,103.004,102.833,103.089,103.409,103.761,104.292,104.236,104.189,104.390,104.472,104.390,104.792,105.054,105.246,105.269,105.188,105.381,105.640,105.794,105.739,106.015,106.481,106.610,106.895,107.280,107.479,107.758,107.803,108.391,108.475,109.138,109.376,109.729,109.729,110.235,110.730,110.966,111.482,111.838,112.485,112.846,113.342,113.771,113.857,114.856,115.140,115.532,115.398,115.538,115.829,115.783,115.834,116.103,117.039,116.692,117.719,118.232,117.819,118.747,118.573,118.597,119.038,119.099,118.531,118.818,119.036,119.674,120.254,120.505,121.256,121.609
22,"    Final consumption expenditures of nonprofit institutions serving households (NPISHs)1",68.725,70.095,70.738,69.848,70.223,70.120,70.294,70.784,70.182,70.236,70.232,70.155,70.551,69.809,70.718,71.285,71.497,70.886,71.595,71.479,71.707,71.865,72.313,72.520,72.632,73.788,73.183,73.258,73.256,73.251,75.095,74.295,74.510,76.466,76.434,76.360,77.525,77.949,78.101,79.089,79.579,79.590,79.868,80.359,80.325,80.331,80.209,80.163,80.305,80.349,80.554,81.347,81.436,81.700,82.216,82.729,83.629,84.426,84.092,84.539,83.969,84.518,85.498,86.350,86.740,87.838,86.706,86.907,87.729,87.743,88.606,89.153,90.320,90.287,90.300,90.323,91.109,91.617,91.731,91.522,91.141,90.754,90.727,90.608,90.900,91.759,91.853,92.020,91.890,92.113,91.476,91.097,90.840,90.850,90.385,89.980,89.815,89.488,89.440,88.299,87.340,87.197,87.004,87.249,87.680,87.333,87.664,88.048,87.057,86.858,86.870,87.710,87.694,87.381,86.872,86.309,86.548,86.638,87.005,87.750,88.711,88.179,89.456,89.066,89.048,88.413,88.777,89.006,88.907,89.056,89.077,89.690,89.915,90.098,89.966,90.482,89.861,90.136,90.215,90.333,90.271,90.051,89.864,90.122,90.784,90.983,91.104,90.957,90.784,91.183,91.518,92.080,92.166,90.677,90.534,90.777,91.101,91.031,91.896,91.297,92.139,92.321,92.412,92.331,92.779,91.237,91.213,91.377,90.137,90.079,89.238,89.727,89.100,89.042,89.384,88.646,89.299,88.409,88.048,87.974,88.198,88.134,87.908,87.606,87.635,87.278,87.839,87.625,87.640,87.816,87.907,88.743,88.918,88.838,88.777,88.719,89.262,88.688,89.177,88.858,88.619,88.784,89.162,88.268,89.369,88.893,89.161,89.336,88.788,89.064,88.831,88.787,88.877,89.661,89.965,89.355,89.420,88.930,89.103,90.355,90.136,90.361,90.458,90.406,90.396,89.826,89.998,90.346,90.626,90.733,90.883,91.114,91.118,91.140,91.385,91.343,91.497,93.542,93.489,93.311,93.656,93.866,94.075,93.808,94.770,95.147,94.699,95.301,95.248,96.108,95.429,95.557,95.856,96.743,96.773,97.440,97.115,97.320,97.411,98.011,97.903,98.470,98.767,99.172,99.339,100.327,99.623,100.619,100.054,99.659,100.196,100.432,100.761,99.351,99.853,99.786,100.669,100.373,100.635,100.356,100.994,101.353,101.043,101.616,101.722,102.003,102.575,102.704,103.469,102.986,103.325,103.038,103.155,104.293,104.344,104.683,104.850,104.831,104.273,105.200,104.513,105.417,104.933,104.914,104.449,104.215,104.305,104.829,105.048,104.368,104.519,106.974,107.628,107.056,108.092,110.135,110.882,111.941,112.440,115.024,116.144,117.040,119.128,121.437,120.388,120.978,121.999,124.403,124.452,124.504,125.340,127.575,128.317,128.859,131.071,132.268,134.210,133.456,134.413,134.490,135.617,137.249,137.183,137.662,140.478,139.756,139.648,139.546,139.761,140.953,142.131,142.093,143.870,144.634,145.283,145.805,146.360,146.713,147.117,147.728,148.758,148.273,148.048,148.615,150.014,148.985
23,"        Gross output of nonprofit institutions2",56.463,56.788,57.048,57.017,57.154,57.201,57.292,57.540,57.568,57.769,57.887,57.977,58.193,58.146,58.406,58.625,58.745,58.819,58.973,59.024,59.177,59.308,59.512,59.627,59.656,59.926,59.953,60.059,60.150,60.269,60.522,60.476,60.653,60.893,60.970,61.094,61.337,61.485,61.657,61.921,62.137,62.212,62.335,62.475,62.575,62.630,62.718,62.826,62.980,63.084,63.209,63.451,63.587,63.713,63.924,64.082,64.388,64.639,64.718,64.927,65.039,65.264,65.547,65.832,66.045,66.370,66.597,66.722,67.018,67.164,67.464,67.696,67.979,68.173,68.318,68.529,68.813,69.060,69.184,69.327,69.453,69.412,69.537,69.647,69.814,70.125,70.342,70.518,70.682,70.870,71.067,71.219,71.377,71.518,71.693,71.863,72.080,72.196,72.336,72.262,72.444,72.557,72.759,73.018,73.211,73.529,73.733,73.920,74.082,74.246,74.479,74.873,75.058,75.148,75.204,75.219,75.444,75.643,75.891,76.227,76.613,76.799,77.166,77.264,77.435,77.475,77.713,77.917,78.191,78.551,78.767,79.014,79.270,79.483,79.661,79.990,80.073,80.349,80.596,80.859,80.998,81.136,81.225,81.456,81.841,82.078,82.226,82.326,82.437,82.708,82.919,83.179,83.341,83.519,83.775,83.952,84.054,84.173,84.533,84.563,84.899,85.059,85.247,85.363,85.515,85.337,85.443,85.658,85.526,85.664,85.589,85.771,85.827,85.971,86.135,86.309,86.506,86.764,86.808,86.899,87.073,87.206,87.280,87.349,87.430,87.443,87.645,87.716,87.804,87.942,88.051,88.342,88.526,88.703,88.875,89.004,89.322,89.310,89.516,89.611,89.699,89.774,90.004,90.007,90.344,90.298,90.489,90.746,90.765,90.979,91.130,91.222,91.332,91.613,91.779,91.889,92.105,92.140,92.296,92.372,92.435,92.645,92.789,92.837,93.003,93.068,93.209,93.377,93.556,93.678,93.835,93.947,94.060,94.179,94.277,94.417,94.560,94.788,94.937,94.969,95.189,95.350,95.513,95.622,95.938,96.127,96.106,96.388,96.483,96.604,96.515,96.663,96.769,97.131,97.276,97.512,97.619,97.777,97.999,98.276,98.365,98.634,98.820,99.020,99.169,99.494,99.431,99.804,99.741,99.825,100.017,100.153,100.384,100.458,100.699,100.825,101.209,101.302,101.496,101.576,101.850,102.065,102.148,102.370,102.534,102.792,103.141,103.320,103.648,103.704,103.873,104.007,104.034,104.429,104.540,104.779,104.950,105.387,105.374,105.623,105.692,106.132,106.171,106.591,106.793,106.864,107.041,107.482,107.648,107.596,107.813,108.584,109.072,109.465,109.934,110.502,110.817,111.056,111.390,112.163,112.626,112.880,113.567,114.427,114.871,115.158,115.555,116.153,116.447,117.065,117.523,118.344,118.625,118.904,119.510,120.056,120.759,120.787,121.275,121.749,122.253,122.799,123.060,123.245,123.997,124.327,124.535,124.681,125.379,125.815,126.251,126.419,127.065,127.504,127.736,128.101,128.459,128.811,129.069,129.463,129.914,130.292,130.441,130.801,131.268,131.386
24,"        Less: Receipts from sales of goods and services by nonprofit institutions3",52.400,52.488,52.660,52.815,52.897,52.974,53.045,53.235,53.399,53.628,53.770,53.895,54.067,54.180,54.286,54.420,54.517,54.748,54.769,54.859,54.990,55.112,55.256,55.348,55.357,55.438,55.592,55.701,55.808,55.946,55.877,55.978,56.140,56.033,56.128,56.286,56.336,56.422,56.591,56.698,56.851,56.936,57.023,57.084,57.210,57.274,57.405,57.547,57.700,57.816,57.921,58.035,58.179,58.271,58.409,58.484,58.650,58.772,58.942,59.092,59.358,59.503,59.618,59.766,59.932,60.073,60.613,60.717,60.882,61.057,61.214,61.365,61.429,61.675,61.850,62.105,62.260,62.439,62.562,62.791,63.040,63.087,63.248,63.414,63.547,63.715,63.960,64.135,64.371,64.547,64.956,65.247,65.512,65.686,66.031,66.356,66.674,66.908,67.098,67.317,67.816,67.998,68.310,68.570,68.693,69.195,69.362,69.493,69.976,70.242,70.536,70.802,71.040,71.242,71.454,71.628,71.847,72.073,72.286,72.510,72.743,73.113,73.242,73.465,73.682,73.899,74.102,74.297,74.667,75.083,75.352,75.494,75.756,75.975,76.242,76.514,76.805,77.078,77.375,77.680,77.878,78.121,78.292,78.512,78.813,79.059,79.214,79.386,79.579,79.811,79.987,80.158,80.342,81.022,81.402,81.560,81.597,81.778,81.976,82.214,82.380,82.532,82.753,82.933,82.979,83.281,83.430,83.659,83.919,84.120,84.310,84.382,84.666,84.877,84.978,85.459,85.499,86.153,86.340,86.490,86.648,86.852,87.034,87.238,87.336,87.483,87.557,87.728,87.841,87.965,88.079,88.182,88.368,88.633,88.884,89.080,89.317,89.508,89.606,89.860,90.074,90.114,90.289,90.620,90.679,90.792,90.953,91.240,91.482,91.671,91.973,92.118,92.236,92.314,92.422,92.828,93.102,93.344,93.491,93.106,93.278,93.481,93.643,93.730,93.964,94.275,94.404,94.501,94.640,94.768,94.928,94.993,95.148,95.305,95.345,95.555,95.694,95.241,95.465,95.574,95.747,95.890,96.037,96.281,96.365,96.488,96.621,96.785,96.934,96.780,96.912,97.068,97.101,97.269,97.457,97.540,97.800,97.943,98.213,98.371,98.535,98.693,98.839,98.964,99.106,99.192,99.363,99.509,99.630,99.888,99.954,100.055,100.254,100.851,101.001,101.197,101.403,101.635,101.805,102.017,102.160,102.324,102.548,102.647,102.832,103.082,103.347,103.550,103.722,103.966,104.081,104.357,104.352,104.490,104.620,104.823,104.992,105.584,105.759,105.775,106.111,106.372,106.608,107.216,107.744,107.917,108.114,108.504,108.625,108.795,109.013,109.146,109.553,110.272,110.521,110.573,110.733,110.701,110.970,111.158,111.402,111.444,111.668,112.050,112.991,113.172,113.348,113.298,113.681,114.508,114.828,115.141,115.258,115.445,115.497,115.829,116.126,116.419,116.757,117.359,117.663,117.859,118.226,118.318,118.410,119.076,119.386,119.611,120.461,120.654,120.851,121.085,121.356,121.684,121.777,122.089,122.381,122.732,122.941,123.263,123.531,124.183,124.450,124.741,124.915,125.388
,Addenda:,,,,,,,,,,,,,,,,,,,,,,,,,,,,,,,,,,,,,,,,,,,,,,,,,,,,,,,,,,,,,,,,,,,,,,,,,,,,,,,,,,,,,,,,,,,,,,,,,,,,,,,,,,,,,,,,,,,,,,,,,,,,,,,,,,,,,,,,,,,,,,,,,,,,,,,,,,,,,,,,,,,,,,,,,,,,,,,,,,,,,,,,,,,,,,,,,,,,,,,,,,,,,,,,,,,,,,,,,,,,,,,,,,,,,,,,,,,,,,,,,,,,,,,,,,,,,,,,,,,,,,,,,,,,,,,,,,,,,,,,,,,,,,,,,,,,,,,,,,,,,,,,,,,,,,,,,,,,,,,,,,,,,,,,,,,,,,,,,,,,,,,,,,,,,,,,,,,,,,,,,,,,,,
25,"    PCE excluding food and energy4",68.475,68.587,68.755,68.915,69.032,69.092,69.201,69.367,69.458,69.627,69.672,69.770,69.849,69.940,70.102,70.197,70.319,70.373,70.505,70.566,70.780,70.948,71.041,71.068,71.144,71.290,71.460,71.600,71.652,71.758,71.807,71.778,71.927,72.036,72.058,72.100,72.210,72.272,72.349,72.482,72.552,72.461,72.665,72.807,72.795,72.937,72.950,73.076,73.180,73.155,73.177,73.365,73.435,73.474,73.606,73.642,73.837,73.963,74.034,74.128,74.306,74.415,74.568,74.617,74.697,74.754,74.925,75.021,75.203,75.308,75.441,75.515,75.796,75.930,76.009,76.130,76.148,76.318,76.515,76.553,76.118,76.654,76.810,76.828,76.871,77.018,77.110,77.325,77.411,77.534,77.692,77.845,77.972,78.038,78.114,78.187,78.240,78.348,78.474,78.561,78.674,78.718,78.915,79.004,79.114,79.260,79.368,79.467,79.671,79.800,79.934,80.142,80.252,80.379,80.474,80.505,80.656,80.831,81.005,81.109,81.401,81.536,81.737,81.831,81.999,82.056,82.176,82.243,82.425,82.662,82.873,82.959,83.145,83.279,83.509,83.764,83.974,84.186,84.268,84.440,84.573,84.726,84.766,84.880,85.224,85.408,85.494,85.616,85.717,85.859,85.988,86.116,86.351,86.576,86.746,86.920,87.093,87.178,87.349,87.400,87.559,87.760,87.918,88.026,88.116,87.991,87.952,87.909,87.882,87.952,88.015,88.211,88.279,88.392,88.468,88.599,88.755,89.082,89.160,89.236,89.368,89.446,89.579,89.625,89.724,89.767,89.769,89.855,89.906,90.043,90.160,90.179,90.372,90.530,90.667,90.875,91.091,91.191,91.326,91.508,91.570,91.614,91.808,91.960,92.235,92.364,92.521,92.661,92.755,92.850,92.946,93.005,93.119,93.345,93.445,93.514,93.703,93.805,93.891,93.937,94.047,94.209,94.329,94.431,94.543,94.703,94.860,94.961,95.064,95.109,95.250,95.413,95.574,95.682,95.848,95.885,96.013,96.096,96.181,96.249,96.214,96.324,96.470,96.648,96.766,96.882,96.978,97.056,97.196,97.228,97.332,97.396,97.567,97.736,97.876,98.117,98.284,98.386,98.529,98.703,98.834,98.961,99.005,99.120,99.385,99.561,99.519,99.723,99.803,99.937,100.010,100.118,100.240,100.486,100.535,100.683,101.007,101.198,101.419,101.602,101.780,101.872,102.006,102.016,102.205,102.366,102.556,102.735,102.870,102.963,103.058,103.265,103.371,103.560,103.678,103.797,103.873,104.028,104.092,104.322,104.488,104.684,104.596,104.256,104.370,104.531,104.900,105.235,105.395,105.470,105.578,105.904,106.244,106.477,106.898,107.549,108.103,108.595,109.062,109.436,109.657,110.184,110.792,111.458,111.988,112.492,112.916,113.301,113.709,114.376,114.638,115.298,115.805,116.200,116.554,116.977,117.526,117.963,118.304,118.715,119.063,119.370,119.536,119.658,120.040,120.200,120.309,120.528,121.128,121.418,121.829,122.140,122.239,122.510,122.722,122.926,123.234,123.595,123.716,123.980,124.407,124.999,125.118,125.343,125.610,125.932
26,"    PCE excluding food, energy, and housing4",71.925,72.032,72.209,72.370,72.467,72.503,72.604,72.778,72.854,73.019,73.030,73.105,73.175,73.260,73.422,73.517,73.630,73.667,73.793,73.834,74.075,74.255,74.339,74.343,74.402,74.550,74.732,74.864,74.893,74.990,75.006,74.929,75.080,75.187,75.166,75.182,75.277,75.321,75.369,75.497,75.541,75.378,75.591,75.727,75.669,75.797,75.779,75.906,76.005,75.948,75.944,76.145,76.199,76.219,76.350,76.360,76.566,76.696,76.733,76.819,76.960,77.055,77.206,77.231,77.289,77.308,77.483,77.557,77.735,77.816,77.941,77.983,78.285,78.403,78.438,78.533,78.489,78.638,78.834,78.812,78.210,78.812,78.938,78.896,78.898,79.032,79.093,79.311,79.381,79.487,79.638,79.799,79.906,79.950,80.004,80.056,80.072,80.183,80.312,80.405,80.518,80.567,80.770,80.848,80.943,81.081,81.174,81.276,81.493,81.616,81.740,81.942,82.040,82.155,82.237,82.233,82.390,82.582,82.772,82.864,83.177,83.296,83.511,83.598,83.766,83.808,83.914,83.966,84.150,84.408,84.622,84.691,84.871,84.983,85.207,85.456,85.636,85.817,85.851,85.999,86.107,86.228,86.223,86.304,86.678,86.847,86.906,87.023,87.121,87.258,87.378,87.488,87.725,87.953,88.100,88.262,88.436,88.507,88.680,88.699,88.872,89.072,89.231,89.328,89.393,89.202,89.102,89.030,88.952,89.012,89.048,89.262,89.314,89.449,89.546,89.696,89.910,90.325,90.446,90.544,90.718,90.819,90.995,91.052,91.163,91.202,91.194,91.302,91.351,91.511,91.629,91.628,91.841,92.006,92.154,92.392,92.635,92.726,92.849,93.028,93.076,93.086,93.294,93.442,93.745,93.872,94.024,94.152,94.239,94.333,94.416,94.447,94.542,94.775,94.866,94.916,95.113,95.196,95.266,95.281,95.373,95.531,95.649,95.719,95.818,95.973,96.116,96.182,96.263,96.274,96.393,96.543,96.694,96.781,96.933,96.934,97.044,97.098,97.147,97.190,97.093,97.168,97.290,97.450,97.545,97.620,97.677,97.723,97.835,97.825,97.907,97.935,98.085,98.236,98.357,98.589,98.723,98.784,98.898,99.052,99.137,99.226,99.210,99.288,99.557,99.714,99.616,99.818,99.864,99.966,99.999,100.058,100.150,100.382,100.385,100.491,100.823,101.014,101.217,101.371,101.532,101.593,101.693,101.642,101.823,101.958,102.118,102.282,102.391,102.439,102.483,102.657,102.730,102.888,102.974,103.063,103.092,103.237,103.256,103.476,103.605,103.788,103.624,103.154,103.233,103.411,103.811,104.184,104.361,104.408,104.528,104.892,105.270,105.499,105.957,106.687,107.286,107.810,108.305,108.687,108.863,109.397,110.029,110.739,111.269,111.762,112.162,112.503,112.848,113.482,113.638,114.253,114.681,114.999,115.261,115.584,116.079,116.431,116.718,117.069,117.355,117.605,117.680,117.717,118.051,118.135,118.145,118.301,118.886,119.119,119.499,119.766,119.775,120.028,120.180,120.303,120.587,120.916,120.994,121.229,121.652,122.282,122.322,122.497,122.745,123.053
27,"    Energy goods and services5",51.817,51.764,51.535,51.494,51.635,51.813,51.612,51.585,50.923,51.187,50.661,51.232,52.254,52.381,53.015,54.535,54.799,53.557,53.716,53.610,53.613,54.226,54.783,55.664,56.217,56.233,55.342,54.493,53.223,53.124,53.018,54.072,54.711,54.629,54.305,53.567,52.251,51.004,50.016,49.495,49.965,50.178,50.065,49.432,49.039,49.161,48.893,48.317,48.121,47.761,48.454,51.270,50.872,50.685,51.846,53.330,54.568,54.742,54.511,55.877,56.537,58.594,61.585,59.675,59.035,62.468,62.584,60.754,63.545,63.681,63.444,63.785,65.781,65.197,63.965,64.340,67.447,66.783,62.932,61.853,64.038,59.996,56.649,55.085,55.154,54.830,57.014,59.068,59.287,59.198,59.637,59.987,60.308,61.860,61.791,61.980,65.234,68.980,70.385,66.555,62.976,63.118,64.311,67.127,69.665,67.056,66.721,67.720,70.374,71.298,71.023,70.129,72.243,74.216,73.950,74.175,74.962,77.945,80.556,79.736,77.137,79.501,80.445,82.076,80.270,80.476,84.965,90.315,102.573,101.112,93.526,91.922,96.396,95.215,94.225,97.884,98.740,98.835,103.028,105.098,97.797,90.604,90.473,94.988,93.627,94.709,98.759,100.414,103.169,103.704,103.756,102.118,104.360,105.183,111.279,112.233,112.709,114.162,116.119,116.772,121.477,130.795,135.319,130.809,129.648,118.293,96.267,86.691,87.576,90.097,87.323,86.966,88.157,97.042,96.469,99.528,100.113,101.063,104.270,103.735,105.245,103.624,103.437,103.450,102.154,100.703,102.249,103.197,103.771,107.297,108.718,112.536,113.790,115.374,119.545,123.557,124.866,122.172,122.455,122.834,123.667,122.694,123.278,121.139,122.235,124.563,125.166,125.029,120.895,117.658,116.521,122.377,126.679,128.166,124.425,122.303,122.417,127.921,123.242,119.968,119.754,120.938,121.117,122.221,121.043,120.607,121.008,122.557,124.772,124.466,124.438,124.555,124.040,124.309,123.722,122.191,119.939,117.442,113.221,107.580,97.733,99.321,100.998,99.719,102.711,104.248,104.071,102.347,96.248,95.335,95.120,92.430,89.724,84.857,88.103,90.604,91.649,93.964,91.679,91.441,93.259,95.378,95.606,97.521,100.717,99.871,99.047,99.086,96.456,95.978,94.995,97.979,104.301,102.005,104.657,104.908,106.621,108.131,105.932,107.673,108.613,108.648,108.109,109.448,110.077,111.068,107.444,104.880,100.214,102.100,105.557,109.212,108.370,105.566,106.525,105.100,104.696,105.650,106.800,108.908,107.270,105.332,99.070,90.189,88.532,92.291,94.477,95.236,96.166,95.620,96.319,100.536,102.839,107.331,112.012,112.086,113.008,114.961,116.777,118.874,120.118,124.470,129.004,131.319,131.641,135.803,149.307,147.456,153.539,164.457,155.998,147.388,143.904,147.130,146.314,140.140,142.114,141.654,137.741,139.120,134.791,135.440,135.355,141.965,143.778,140.249,137.704,137.314,135.416,138.513,140.103,141.783,138.801,135.875,135.904,134.878,132.101,131.744,131.812,135.023,136.703,136.866,133.114,133.829,132.527,133.751
28,"    PCE services excluding energy and housing",57.558,57.729,57.909,58.082,58.242,58.345,58.436,58.590,58.694,58.882,58.934,59.012,59.065,59.161,59.306,59.497,59.705,59.837,59.999,60.121,60.352,60.587,60.714,60.788,60.841,61.016,61.225,61.397,61.458,61.684,61.755,61.789,61.978,62.113,62.155,62.221,62.352,62.452,62.608,62.693,62.817,62.717,62.928,63.082,63.085,63.280,63.318,63.401,63.451,63.501,63.627,63.724,63.858,63.895,64.055,64.142,64.340,64.534,64.667,64.822,65.024,65.199,65.300,65.283,65.398,65.511,65.720,65.901,66.051,66.245,66.344,66.456,66.800,66.980,67.107,67.222,67.317,67.466,67.635,67.785,67.080,67.853,68.002,68.055,68.112,68.319,68.463,68.648,68.830,68.999,69.236,69.435,69.629,69.780,69.926,70.098,70.255,70.500,70.765,70.933,71.249,71.369,71.589,71.801,71.993,72.258,72.452,72.628,72.890,73.009,73.137,73.384,73.525,73.679,73.876,73.998,74.191,74.340,74.573,74.752,75.145,75.333,75.622,75.785,75.929,76.075,76.281,76.398,76.644,76.980,77.241,77.351,77.586,77.821,78.080,78.383,78.630,78.910,79.021,79.183,79.360,79.568,79.682,79.813,80.289,80.512,80.669,80.892,81.053,81.280,81.480,81.731,82.050,82.307,82.500,82.711,82.902,83.047,83.271,83.341,83.631,83.895,84.064,84.169,84.273,84.054,83.956,83.936,83.806,83.751,83.654,83.753,83.830,83.986,84.171,84.415,84.579,85.088,85.275,85.423,85.679,85.837,86.083,86.275,86.486,86.586,86.655,86.782,86.845,87.105,87.249,87.290,87.500,87.669,87.889,88.116,88.366,88.439,88.582,88.788,88.892,88.868,89.090,89.294,89.639,89.831,89.993,90.189,90.322,90.497,90.613,90.737,90.850,91.134,91.269,91.409,91.638,91.805,91.988,92.048,92.221,92.437,92.610,92.750,92.907,93.138,93.351,93.521,93.659,93.725,93.939,94.140,94.364,94.457,94.661,94.757,94.878,94.948,95.136,95.275,95.246,95.297,95.440,95.621,95.765,95.936,96.076,96.209,96.314,96.375,96.522,96.615,96.868,97.028,97.244,97.479,97.749,97.930,98.152,98.330,98.396,98.566,98.727,98.905,99.175,99.363,99.274,99.609,99.770,99.937,99.990,100.153,100.368,100.623,100.765,100.972,101.295,101.563,101.837,101.981,102.208,102.412,102.601,102.703,102.969,103.112,103.339,103.641,103.640,103.785,103.911,104.201,104.310,104.482,104.689,104.815,104.912,105.105,105.201,105.575,105.754,105.941,105.862,105.505,105.782,106.053,106.371,106.659,106.980,107.081,107.170,107.656,108.082,108.502,109.130,109.625,110.065,110.530,111.125,111.473,111.657,111.974,112.641,113.317,113.627,114.064,114.678,115.135,115.502,116.117,116.304,116.938,117.419,117.940,118.431,118.908,119.423,119.850,120.171,120.634,120.910,121.362,121.705,121.805,122.316,122.421,122.620,122.991,123.888,124.081,124.607,124.948,125.053,125.376,125.656,125.931,126.296,126.755,126.939,127.440,127.854,128.572,128.779,128.884,129.121,129.370
29,"    Housing",54.249,54.377,54.510,54.658,54.845,54.987,55.121,55.254,55.397,55.575,55.739,55.912,56.026,56.133,56.288,56.382,56.535,56.650,56.800,56.932,57.039,57.162,57.286,57.396,57.527,57.666,57.789,57.952,58.088,58.222,58.391,58.542,58.677,58.792,58.973,59.107,59.273,59.400,59.582,59.729,59.900,60.082,60.247,60.411,60.574,60.764,60.895,61.016,61.144,61.238,61.363,61.498,61.631,61.740,61.874,62.011,62.160,62.266,62.474,62.593,62.915,63.083,63.242,63.383,63.553,63.755,63.912,64.091,64.289,64.490,64.656,64.857,65.050,65.247,65.502,65.723,65.984,66.237,66.432,66.706,66.940,67.211,67.485,67.743,67.957,68.155,68.372,68.574,68.726,68.918,69.102,69.221,69.430,69.588,69.755,69.913,70.119,70.214,70.325,70.387,70.502,70.527,70.695,70.832,71.003,71.179,71.353,71.439,71.584,71.736,71.912,72.146,72.303,72.484,72.633,72.814,72.935,73.041,73.147,73.299,73.501,73.702,73.845,73.969,74.136,74.252,74.432,74.564,74.735,74.881,75.077,75.232,75.445,75.672,75.925,76.204,76.541,76.886,77.173,77.441,77.684,77.972,78.208,78.459,78.678,78.922,79.129,79.273,79.384,79.545,79.713,79.920,80.142,80.359,80.625,80.849,81.016,81.158,81.321,81.503,81.604,81.811,81.965,82.114,82.310,82.452,82.665,82.737,82.917,83.028,83.200,83.325,83.457,83.479,83.468,83.519,83.437,83.404,83.313,83.299,83.258,83.245,83.207,83.209,83.256,83.315,83.354,83.355,83.412,83.454,83.567,83.664,83.780,83.906,83.997,84.081,84.187,84.321,84.503,84.696,84.819,85.000,85.137,85.304,85.462,85.593,85.771,85.965,86.085,86.184,86.332,86.506,86.700,86.893,87.037,87.179,87.333,87.515,87.672,87.846,88.028,88.207,88.336,88.573,88.736,88.922,89.137,89.388,89.584,89.776,90.012,90.229,90.433,90.630,90.856,91.050,91.263,91.472,91.713,91.890,92.136,92.402,92.655,92.910,93.131,93.438,93.707,93.932,94.202,94.425,94.631,94.860,95.128,95.379,95.611,95.891,96.213,96.507,96.782,97.049,97.392,97.700,98.023,98.313,98.564,98.831,99.052,99.268,99.509,99.797,100.059,100.401,100.670,100.984,101.257,101.607,101.893,102.086,102.392,102.717,102.979,103.220,103.527,103.835,104.060,104.353,104.692,104.941,105.209,105.525,105.870,106.236,106.506,106.846,107.123,107.392,107.706,107.910,108.194,108.468,108.814,109.076,109.359,109.580,109.847,109.947,110.180,110.342,110.426,110.635,110.690,110.837,110.995,111.254,111.504,111.765,112.097,112.431,112.754,113.094,113.537,114.027,114.513,114.954,115.486,116.044,116.588,117.189,117.905,118.742,119.535,120.416,121.323,122.103,122.923,123.846,124.671,125.541,126.164,126.881,127.548,128.144,128.771,129.330,129.962,130.516,131.137,131.683,132.360,132.946,133.519,134.060,134.624,134.989,135.517,136.148,136.583,137.109,137.453,137.878,138.320,138.708,139.244,139.734,140.097,140.496
30,"    Market-based PCE6",68.962,69.073,69.186,69.377,69.471,69.523,69.613,69.754,69.813,69.984,69.953,70.065,70.198,70.321,70.522,70.740,70.849,70.832,70.952,70.986,71.167,71.359,71.464,71.532,71.652,71.768,71.844,71.899,71.837,71.931,71.949,72.012,72.185,72.216,72.199,72.196,72.216,72.180,72.183,72.235,72.332,72.263,72.446,72.548,72.497,72.661,72.661,72.733,72.850,72.820,72.891,73.255,73.285,73.294,73.458,73.558,73.802,73.902,73.966,74.139,74.356,74.606,74.929,74.822,74.854,75.079,75.306,75.297,75.612,75.730,75.815,75.892,76.220,76.330,76.340,76.479,76.677,76.804,76.729,76.714,76.907,76.759,76.712,76.625,76.673,76.772,76.959,77.271,77.292,77.354,77.504,77.659,77.799,77.938,78.024,78.102,78.365,78.693,78.860,78.666,78.548,78.633,78.863,79.142,79.343,79.321,79.380,79.541,79.869,80.068,80.210,80.304,80.571,80.812,80.889,80.938,81.077,81.433,81.744,81.753,81.789,82.049,82.275,82.506,82.533,82.582,82.932,83.300,84.192,84.277,84.055,84.025,84.453,84.482,84.634,84.980,85.211,85.398,85.736,86.033,85.750,85.479,85.503,85.812,86.087,86.368,86.697,86.887,87.166,87.340,87.437,87.458,87.787,88.111,88.616,88.844,89.119,89.340,89.608,89.840,90.255,90.962,91.447,91.401,91.553,91.106,89.971,89.453,89.670,89.936,89.932,90.051,90.156,90.725,90.681,90.971,91.086,91.336,91.555,91.579,91.714,91.674,91.749,91.786,91.797,91.761,91.867,91.994,92.084,92.316,92.500,92.728,92.974,93.267,93.663,94.056,94.333,94.330,94.491,94.731,94.895,94.963,95.127,95.208,95.454,95.689,95.841,95.945,95.839,95.784,95.789,96.150,96.464,96.660,96.533,96.513,96.689,97.067,96.874,96.643,96.697,96.935,97.052,97.156,97.182,97.240,97.340,97.520,97.675,97.720,97.869,98.002,98.126,98.220,98.334,98.320,98.323,98.224,98.086,97.873,97.328,97.516,97.696,97.770,97.976,98.129,98.239,98.202,98.066,98.058,98.093,97.967,97.925,97.856,98.059,98.324,98.466,98.651,98.645,98.728,98.895,99.080,99.112,99.299,99.657,99.758,99.654,99.764,99.653,99.726,99.704,99.939,100.343,100.486,100.612,100.705,101.005,101.233,101.341,101.606,101.784,101.829,101.925,101.978,102.149,102.309,102.337,102.350,102.319,102.502,102.734,103.037,103.100,103.107,103.244,103.273,103.336,103.532,103.647,103.876,103.979,104.102,103.828,103.509,103.602,103.927,104.171,104.440,104.529,104.554,104.639,105.014,105.292,105.719,106.264,106.759,107.221,107.703,108.237,108.605,108.898,109.629,110.318,110.952,111.515,112.295,113.381,113.674,114.420,115.593,115.626,115.829,116.153,116.690,116.912,117.066,117.650,118.084,118.260,118.616,118.768,118.908,119.115,119.509,119.922,120.028,120.035,120.155,120.540,120.911,121.283,121.530,121.502,121.587,121.771,121.916,122.089,122.346,122.503,122.798,123.213,123.623,123.618,123.879,124.041,124.435
31,"    Market-based PCE excluding food and energy6",70.873,70.975,71.136,71.310,71.416,71.458,71.579,71.741,71.854,72.016,72.033,72.102,72.145,72.251,72.398,72.488,72.598,72.643,72.741,72.762,72.961,73.098,73.163,73.166,73.274,73.383,73.573,73.707,73.739,73.852,73.873,73.837,73.986,74.025,74.026,74.092,74.197,74.276,74.354,74.453,74.518,74.410,74.629,74.783,74.764,74.914,74.923,75.059,75.184,75.174,75.211,75.394,75.448,75.474,75.562,75.546,75.712,75.811,75.882,75.968,76.164,76.278,76.412,76.426,76.475,76.467,76.688,76.796,76.949,77.076,77.192,77.214,77.441,77.571,77.668,77.796,77.781,77.950,78.127,78.167,78.235,78.328,78.523,78.547,78.564,78.681,78.730,78.922,78.980,79.070,79.203,79.362,79.489,79.542,79.629,79.707,79.769,79.841,79.916,79.970,80.084,80.123,80.315,80.394,80.430,80.561,80.624,80.696,80.910,81.069,81.228,81.385,81.480,81.607,81.708,81.746,81.875,82.035,82.186,82.260,82.503,82.662,82.836,82.913,83.077,83.133,83.219,83.284,83.474,83.672,83.892,83.958,84.136,84.260,84.489,84.671,84.884,85.072,85.175,85.364,85.490,85.621,85.658,85.748,86.093,86.282,86.347,86.441,86.551,86.673,86.762,86.858,87.068,87.358,87.525,87.723,87.950,88.070,88.244,88.354,88.514,88.705,88.895,89.066,89.248,89.379,89.438,89.451,89.659,89.839,90.040,90.239,90.317,90.406,90.432,90.577,90.701,90.921,90.968,91.015,91.063,91.112,91.185,91.217,91.308,91.368,91.390,91.472,91.516,91.561,91.668,91.680,91.826,92.011,92.135,92.314,92.513,92.654,92.786,92.987,93.075,93.203,93.366,93.568,93.748,93.891,94.011,94.132,94.262,94.376,94.449,94.511,94.625,94.742,94.801,94.879,95.062,95.168,95.215,95.131,95.229,95.413,95.529,95.582,95.687,95.773,95.883,95.986,96.021,96.065,96.195,96.312,96.432,96.526,96.668,96.712,96.822,96.844,96.907,96.969,96.919,97.036,97.172,97.352,97.418,97.481,97.602,97.642,97.828,97.856,97.939,97.976,98.076,98.262,98.359,98.521,98.669,98.774,98.912,99.030,99.127,99.221,99.265,99.392,99.612,99.756,99.653,99.769,99.790,99.920,99.932,100.032,100.147,100.425,100.437,100.526,100.749,100.948,101.190,101.389,101.571,101.612,101.738,101.716,101.856,101.994,102.205,102.335,102.528,102.598,102.668,102.875,102.972,103.136,103.250,103.359,103.436,103.600,103.666,103.825,103.991,104.199,104.163,103.977,104.087,104.227,104.502,104.776,104.855,104.892,104.959,105.157,105.353,105.606,105.985,106.523,106.973,107.359,107.824,108.099,108.262,108.806,109.296,109.866,110.401,110.950,111.383,111.701,112.118,112.815,113.115,113.668,114.137,114.541,114.775,115.204,115.721,116.211,116.609,116.949,117.305,117.436,117.652,117.766,118.132,118.394,118.535,118.683,119.151,119.418,119.775,120.001,120.095,120.318,120.507,120.711,120.990,121.279,121.423,121.586,121.943,122.404,122.511,122.810,123.031,123.394

Legend/Footnotes
"1. Net expenses of NPISHs, defined as their gross operating expenses less primary sales to households."
"2. Gross output is net of unrelated sales, secondary sales, and sales to business, to government, and to the rest of the world; excludes own-account investment (construction and software)."
"3. Excludes unrelated sales, secondary sales, and sales to business, to government, and to the rest of the world; includes membership dues and fees."
"4. Food consists of food and beverages purchased for off-premises consumption; food services, which include purchased meals and beverages, are not classified as food."
5. Consists of gasoline and other energy goods and of electricity and gas services.
"6. Market-based PCE is a supplemental measure that is based on household expenditures for which there are observable price measures.It excludes most imputed transactions (for example, financial services furnished without payment) and the final consumption expenditures of nonprofit institutions serving households."
